-- T3Terminal Theme SQL Dump
-- version 1.0.0
-- https://www.t3terminal.com/
--
-- Generation Time: Friday, July 07 23 09:41:42
-- PHP Version: 7.4.23


--
--
-- Dumping data for table `pages`
--

INSERT INTO `pages` (`uid`, `pid`, `tstamp`, `crdate`, `deleted`, `hidden`, `starttime`, `endtime`, `fe_group`, `sorting`, `rowDescription`, `editlock`, `sys_language_uid`, `l10n_parent`, `l10n_source`, `l10n_state`, `t3_origuid`, `l10n_diffsource`, `t3ver_oid`, `t3ver_wsid`, `t3ver_state`, `t3ver_stage`, `perms_userid`, `perms_groupid`, `perms_user`, `perms_group`, `perms_everybody`, `title`, `doktype`, `TSconfig`, `is_siteroot`, `php_tree_stop`, `url`, `shortcut`, `shortcut_mode`, `subtitle`, `layout`, `target`, `media`, `keywords`, `cache_timeout`, `cache_tags`, `description`, `no_search`, `SYS_LASTCHANGED`, `abstract`, `module`, `extendToSubpages`, `author`, `author_email`, `nav_title`, `nav_hide`, `content_from_pid`, `mount_pid`, `mount_pid_ol`, `l18n_cfg`, `backend_layout`, `backend_layout_next_level`, `tsconfig_includes`, `categories`, `lastUpdated`, `newUntil`, `slug`, `tx_impexp_origuid`, `seo_title`, `no_index`, `no_follow`, `og_title`, `og_description`, `og_image`, `twitter_title`, `twitter_description`, `twitter_image`, `twitter_card`, `canonical_link`, `sitemap_priority`, `sitemap_changefreq`) VALUES 
("1","0","1688713277","1688713277","0","0","0","0","","256","","0","0","0","0","","0","","0","0","0","0","1","0","31","27","0","T3 Freelancer","1","","1","0","","0","0","","0","","0","TYPO3, freelancer, t3, nitsan, ns","0","","Freelancer is a free bootstrap theme created by Start Bootstrap. The download includes the complete source files including HTML, CSS, and JavaScript as well as optional SASS stylesheets for easy customization.\n\n","0","1688722490","Freelancer is a free bootstrap theme created by Start Bootstrap. The download includes the complete source files including HTML, CSS, and JavaScript as well as optional SASS stylesheets for easy customization.\n\n","","0","","","","0","0","0","0","0","pagets__default","pagets__content","","0","0","0","/","1","","0","0","","","0","","","0","summary","","0.5",""),
("2","1","1688713277","1688713277","0","0","0","0","","256","","0","0","0","0","","0","","0","0","0","0","1","0","31","27","0","to delete","255","","0","0","","0","0","","0","","0","","0","","","0","0","","","0","","","","0","0","0","0","0","","","","0","0","0","/to-delete","2","","0","0","","","0","","","0","summary","","0.5",""),
("3","1","1688713277","1688713277","0","0","0","0","","128","","0","0","0","0","","0","","0","0","0","0","1","0","31","27","0","misc","199","","0","0","","0","0","","0","","0","","0","","","0","0","","","0","","","","0","0","0","0","0","","","","0","0","0","/misc","3","","0","0","","","0","","","0","summary","","0.5",""),
("4","3","1688713277","1688713277","0","0","0","0","","256","","0","0","0","0","","0","a:50:{s:7:\"doktype\";N;s:5:\"title\";N;s:4:\"slug\";N;s:9:\"nav_title\";N;s:8:\"subtitle\";N;s:9:\"seo_title\";N;s:11:\"description\";N;s:8:\"no_index\";N;s:9:\"no_follow\";N;s:14:\"canonical_link\";N;s:18:\"sitemap_changefreq\";N;s:16:\"sitemap_priority\";N;s:8:\"og_title\";N;s:14:\"og_description\";N;s:8:\"og_image\";N;s:13:\"twitter_title\";N;s:19:\"twitter_description\";N;s:13:\"twitter_image\";N;s:12:\"twitter_card\";N;s:8:\"abstract\";N;s:8:\"keywords\";N;s:6:\"author\";N;s:12:\"author_email\";N;s:11:\"lastUpdated\";N;s:6:\"layout\";N;s:8:\"newUntil\";N;s:14:\"backend_layout\";N;s:25:\"backend_layout_next_level\";N;s:16:\"content_from_pid\";N;s:6:\"target\";N;s:13:\"cache_timeout\";N;s:10:\"cache_tags\";N;s:11:\"is_siteroot\";N;s:9:\"no_search\";N;s:13:\"php_tree_stop\";N;s:6:\"module\";N;s:5:\"media\";N;s:17:\"tsconfig_includes\";N;s:8:\"TSconfig\";N;s:8:\"l18n_cfg\";N;s:6:\"hidden\";N;s:8:\"nav_hide\";N;s:9:\"starttime\";N;s:7:\"endtime\";N;s:16:\"extendToSubpages\";N;s:8:\"fe_group\";N;s:13:\"fe_login_mode\";N;s:8:\"editlock\";N;s:10:\"categories\";N;s:14:\"rowDescription\";N;}","0","0","0","0","1","0","31","27","0","404","1","","0","0","","0","0","","2","","0","","0","","","0","1688722490","","","0","","","","0","0","0","0","0","pagets__default","","","0","0","0","/404","4","","0","0","","","0","","","0","summary","","0.5",""),
("5","3","1688713277","1688713277","0","0","0","0","","128","","0","0","0","0","","0","a:50:{s:7:\"doktype\";N;s:5:\"title\";N;s:4:\"slug\";N;s:9:\"nav_title\";N;s:8:\"subtitle\";N;s:9:\"seo_title\";N;s:11:\"description\";N;s:8:\"no_index\";N;s:9:\"no_follow\";N;s:14:\"canonical_link\";N;s:18:\"sitemap_changefreq\";N;s:16:\"sitemap_priority\";N;s:8:\"og_title\";N;s:14:\"og_description\";N;s:8:\"og_image\";N;s:13:\"twitter_title\";N;s:19:\"twitter_description\";N;s:13:\"twitter_image\";N;s:12:\"twitter_card\";N;s:8:\"abstract\";N;s:8:\"keywords\";N;s:6:\"author\";N;s:12:\"author_email\";N;s:11:\"lastUpdated\";N;s:6:\"layout\";N;s:8:\"newUntil\";N;s:14:\"backend_layout\";N;s:25:\"backend_layout_next_level\";N;s:16:\"content_from_pid\";N;s:6:\"target\";N;s:13:\"cache_timeout\";N;s:10:\"cache_tags\";N;s:11:\"is_siteroot\";N;s:9:\"no_search\";N;s:13:\"php_tree_stop\";N;s:6:\"module\";N;s:5:\"media\";N;s:17:\"tsconfig_includes\";N;s:8:\"TSconfig\";N;s:8:\"l18n_cfg\";N;s:6:\"hidden\";N;s:8:\"nav_hide\";N;s:9:\"starttime\";N;s:7:\"endtime\";N;s:16:\"extendToSubpages\";N;s:8:\"fe_group\";N;s:13:\"fe_login_mode\";N;s:8:\"editlock\";N;s:10:\"categories\";N;s:14:\"rowDescription\";N;}","0","0","0","0","1","0","31","27","0","Thank You","1","","0","0","","0","0","","2","","0","","0","","","0","0","","","0","","","","0","0","0","0","0","pagets__default","","","0","0","0","/thank-you","5","","0","0","","","0","","","0","summary","","0.5",""),
("6","3","1688713277","1688713277","0","0","0","0","","64","","0","0","0","0","","0","a:50:{s:7:\"doktype\";N;s:5:\"title\";N;s:4:\"slug\";N;s:9:\"nav_title\";N;s:8:\"subtitle\";N;s:9:\"seo_title\";N;s:11:\"description\";N;s:8:\"no_index\";N;s:9:\"no_follow\";N;s:14:\"canonical_link\";N;s:18:\"sitemap_changefreq\";N;s:16:\"sitemap_priority\";N;s:8:\"og_title\";N;s:14:\"og_description\";N;s:8:\"og_image\";N;s:13:\"twitter_title\";N;s:19:\"twitter_description\";N;s:13:\"twitter_image\";N;s:12:\"twitter_card\";N;s:8:\"abstract\";N;s:8:\"keywords\";N;s:6:\"author\";N;s:12:\"author_email\";N;s:11:\"lastUpdated\";N;s:6:\"layout\";N;s:8:\"newUntil\";N;s:14:\"backend_layout\";N;s:25:\"backend_layout_next_level\";N;s:16:\"content_from_pid\";N;s:6:\"target\";N;s:13:\"cache_timeout\";N;s:10:\"cache_tags\";N;s:11:\"is_siteroot\";N;s:9:\"no_search\";N;s:13:\"php_tree_stop\";N;s:6:\"module\";N;s:5:\"media\";N;s:17:\"tsconfig_includes\";N;s:8:\"TSconfig\";N;s:8:\"l18n_cfg\";N;s:6:\"hidden\";N;s:8:\"nav_hide\";N;s:9:\"starttime\";N;s:7:\"endtime\";N;s:16:\"extendToSubpages\";N;s:8:\"fe_group\";N;s:13:\"fe_login_mode\";N;s:8:\"editlock\";N;s:10:\"categories\";N;s:14:\"rowDescription\";N;}","0","0","0","0","1","0","31","27","0","CMS","1","","0","0","","0","0","","1","","0","","0","","","0","0","","","0","","","","0","0","0","0","0","pagets__default","","","0","0","0","/cms","6","","0","0","","","0","","","0","summary","","0.5",""),
("7","1","1688713277","1688713277","0","0","0","0","","64","","0","0","0","0","","0","","0","0","0","0","1","0","31","27","0","footer","199","","0","0","","0","0","","0","","0","","0","","","0","0","","","0","","","","0","0","0","0","0","","","","0","0","0","/footer","7","","0","0","","","0","","","0","summary","","0.5",""),
("8","7","1688713277","1688713277","0","0","0","0","","256","","0","0","0","0","","0","{\"shortcut\":\"\"}","0","0","0","0","1","0","31","27","0","Contact","4","","0","0","","11","0","","0","","0","","0","","","0","0","","","0","","","","0","0","0","0","0","","","","0","0","0","/contact-2","8","","0","0","","","0","","","0","summary","","0.5",""),
("9","7","1688713277","1688713277","0","0","0","0","","128","","0","0","0","0","","0","{\"shortcut\":\"\"}","0","0","0","0","1","0","31","27","0","Footer Content","4","","0","0","","1","0","","0","","0","","0","","","0","0","","","0","","","","0","0","0","0","0","pagets__content","","","0","0","0","/footer-content","9","","0","0","","","0","","","0","summary","","0.5",""),
("10","1","1688713277","1688713277","0","0","0","0","","32","","0","0","0","0","","0","","0","0","0","0","1","0","31","27","0","main menu","199","","0","0","","0","0","","0","","0","","0","","","0","0","","","0","","","","0","0","0","0","0","","","","0","0","0","/main-menu","10","","0","0","","","0","","","0","summary","","0.5",""),
("11","10","1688713277","1688713277","0","0","0","0","","256","","0","0","0","0","","0","a:50:{s:7:\"doktype\";N;s:5:\"title\";N;s:4:\"slug\";N;s:9:\"nav_title\";N;s:8:\"subtitle\";N;s:9:\"seo_title\";N;s:11:\"description\";N;s:8:\"no_index\";N;s:9:\"no_follow\";N;s:14:\"canonical_link\";N;s:18:\"sitemap_changefreq\";N;s:16:\"sitemap_priority\";N;s:8:\"og_title\";N;s:14:\"og_description\";N;s:8:\"og_image\";N;s:13:\"twitter_title\";N;s:19:\"twitter_description\";N;s:13:\"twitter_image\";N;s:12:\"twitter_card\";N;s:8:\"abstract\";N;s:8:\"keywords\";N;s:6:\"author\";N;s:12:\"author_email\";N;s:11:\"lastUpdated\";N;s:6:\"layout\";N;s:8:\"newUntil\";N;s:14:\"backend_layout\";N;s:25:\"backend_layout_next_level\";N;s:16:\"content_from_pid\";N;s:6:\"target\";N;s:13:\"cache_timeout\";N;s:10:\"cache_tags\";N;s:11:\"is_siteroot\";N;s:9:\"no_search\";N;s:13:\"php_tree_stop\";N;s:6:\"module\";N;s:5:\"media\";N;s:17:\"tsconfig_includes\";N;s:8:\"TSconfig\";N;s:8:\"l18n_cfg\";N;s:6:\"hidden\";N;s:8:\"nav_hide\";N;s:9:\"starttime\";N;s:7:\"endtime\";N;s:16:\"extendToSubpages\";N;s:8:\"fe_group\";N;s:13:\"fe_login_mode\";N;s:8:\"editlock\";N;s:10:\"categories\";N;s:14:\"rowDescription\";N;}","0","0","0","0","1","0","31","27","0","Contact","1","","0","0","","0","0","contact","1","","0","","0","","","0","0","","","0","","","","0","0","0","0","0","pagets__default","","","0","0","0","/contact","11","","0","0","","","0","","","0","summary","","0.5",""),
("12","10","1688713277","1688713277","0","0","0","0","","128","","0","0","0","0","","0","a:50:{s:7:\"doktype\";N;s:5:\"title\";N;s:4:\"slug\";N;s:9:\"nav_title\";N;s:8:\"subtitle\";N;s:9:\"seo_title\";N;s:11:\"description\";N;s:8:\"no_index\";N;s:9:\"no_follow\";N;s:14:\"canonical_link\";N;s:18:\"sitemap_changefreq\";N;s:16:\"sitemap_priority\";N;s:8:\"og_title\";N;s:14:\"og_description\";N;s:8:\"og_image\";N;s:13:\"twitter_title\";N;s:19:\"twitter_description\";N;s:13:\"twitter_image\";N;s:12:\"twitter_card\";N;s:8:\"abstract\";N;s:8:\"keywords\";N;s:6:\"author\";N;s:12:\"author_email\";N;s:11:\"lastUpdated\";N;s:6:\"layout\";N;s:8:\"newUntil\";N;s:14:\"backend_layout\";N;s:25:\"backend_layout_next_level\";N;s:16:\"content_from_pid\";N;s:6:\"target\";N;s:13:\"cache_timeout\";N;s:10:\"cache_tags\";N;s:11:\"is_siteroot\";N;s:9:\"no_search\";N;s:13:\"php_tree_stop\";N;s:6:\"module\";N;s:5:\"media\";N;s:17:\"tsconfig_includes\";N;s:8:\"TSconfig\";N;s:8:\"l18n_cfg\";N;s:6:\"hidden\";N;s:8:\"nav_hide\";N;s:9:\"starttime\";N;s:7:\"endtime\";N;s:16:\"extendToSubpages\";N;s:8:\"fe_group\";N;s:13:\"fe_login_mode\";N;s:8:\"editlock\";N;s:10:\"categories\";N;s:14:\"rowDescription\";N;}","0","0","0","0","1","0","31","27","0","About","1","","0","0","","0","0","about","2","","0","","0","","","0","0","","","0","","","","0","0","0","0","0","pagets__default","","","0","0","0","/about","12","","0","0","","","0","","","0","summary","","0.5",""),
("13","10","1688713277","1688713277","0","0","0","0","","64","","0","0","0","0","","0","a:50:{s:7:\"doktype\";N;s:5:\"title\";N;s:4:\"slug\";N;s:9:\"nav_title\";N;s:8:\"subtitle\";N;s:9:\"seo_title\";N;s:11:\"description\";N;s:8:\"no_index\";N;s:9:\"no_follow\";N;s:14:\"canonical_link\";N;s:18:\"sitemap_changefreq\";N;s:16:\"sitemap_priority\";N;s:8:\"og_title\";N;s:14:\"og_description\";N;s:8:\"og_image\";N;s:13:\"twitter_title\";N;s:19:\"twitter_description\";N;s:13:\"twitter_image\";N;s:12:\"twitter_card\";N;s:8:\"abstract\";N;s:8:\"keywords\";N;s:6:\"author\";N;s:12:\"author_email\";N;s:11:\"lastUpdated\";N;s:6:\"layout\";N;s:8:\"newUntil\";N;s:14:\"backend_layout\";N;s:25:\"backend_layout_next_level\";N;s:16:\"content_from_pid\";N;s:6:\"target\";N;s:13:\"cache_timeout\";N;s:10:\"cache_tags\";N;s:11:\"is_siteroot\";N;s:9:\"no_search\";N;s:13:\"php_tree_stop\";N;s:6:\"module\";N;s:5:\"media\";N;s:17:\"tsconfig_includes\";N;s:8:\"TSconfig\";N;s:8:\"l18n_cfg\";N;s:6:\"hidden\";N;s:8:\"nav_hide\";N;s:9:\"starttime\";N;s:7:\"endtime\";N;s:16:\"extendToSubpages\";N;s:8:\"fe_group\";N;s:13:\"fe_login_mode\";N;s:8:\"editlock\";N;s:10:\"categories\";N;s:14:\"rowDescription\";N;}","0","0","0","0","1","0","31","27","0","Portfolio","1","","0","0","","0","0","portfolio","1","","0","","0","","","0","1688722490","","","0","","","","0","0","0","0","0","pagets__default","","","0","0","0","/portfolio","13","","0","0","","","0","","","0","summary","","0.5",""),
("14","10","1688713277","1688713277","0","0","0","0","","32","","0","0","0","0","","0","{\"shortcut\":\"\"}","0","0","0","0","1","0","31","27","0","Home","4","","0","0","","1","0","","0","","0","","0","","","0","0","","","0","","","","0","0","0","0","0","","","","0","0","0","/home","14","","0","0","","","0","","","0","summary","","0.5","");

--
--
-- Dumping data for table `sys_file`
--

INSERT INTO `sys_file` (`uid`, `pid`, `tstamp`, `last_indexed`, `missing`, `storage`, `type`, `metadata`, `identifier`, `identifier_hash`, `folder_hash`, `extension`, `mime_type`, `name`, `sha1`, `size`, `creation_date`, `modification_date`) VALUES 
("1","0","1688713283","0","0","1","2","0","/ns_theme_freelancer/avataaar.png","3dadd322b699ae149ccb034e8ce62e08616d82ad","7bdde7c77ace48bc33a7ff4c5232b6ddbf7b6672","png","image/png","avataaar.png","327e1e4c53724e3f65b7ee56bddd6762a40522a1","11050","1688713283","1688713283"),
("2","0","1688713283","0","0","1","2","0","/ns_theme_freelancer/general/placeholder_480x270.jpg","f760f0d5cad2292a9987848aa99ac850afec6195","432697b2f3324e7c4f71dea417ee92cda5efff47","jpg","image/jpeg","placeholder_480x270.jpg","3058a3c08346a4b83c2f657ee92657180c442a3f","3351","1688713283","1688713283"),
("3","0","1688713283","0","0","1","2","0","/ns_theme_freelancer/cake.png","f88b7f6bb9c87f07f6fe9bbd26dfd8afdd91f81c","7bdde7c77ace48bc33a7ff4c5232b6ddbf7b6672","png","image/png","cake.png","a86e89bd4608e1c42d97725d051e458976176eb5","17068","1688713283","1688713283"),
("4","0","1688713283","0","0","1","2","0","/ns_theme_freelancer/Free/csm_cabin.png","1f6c22bc27e5f77b1c878562fc3f52e00c87f7d1","44c7e4ae4d6d86e66e39489652981424f0f56375","png","image/png","csm_cabin.png","f9929d9798e79e5ba845ce5d980008bc0b721df1","29738","1688713283","1688713283"),
("5","0","1688713283","0","0","1","2","0","/ns_theme_freelancer/Free/csm_cake.png","64d1e899cdbf8a1c7560fd1d66a197487bc9d130","44c7e4ae4d6d86e66e39489652981424f0f56375","png","image/png","csm_cake.png","d1b8586f1d76849fb3f1cc3b7c16078b7f749cfe","18473","1688713283","1688713283"),
("6","0","1688713283","0","0","1","2","0","/ns_theme_freelancer/Free/csm_circus.png","9b0db84287c4ab533c64d010a67983670b4d5326","44c7e4ae4d6d86e66e39489652981424f0f56375","png","image/png","csm_circus.png","f49d368d8199975770852c3c523d3e4758d915b1","30000","1688713283","1688713283"),
("7","0","1688713283","0","0","1","2","0","/ns_theme_freelancer/Free/csm_game.png","2333ee66148cac9a1132324f15633c3aa754b4d5","44c7e4ae4d6d86e66e39489652981424f0f56375","png","image/png","csm_game.png","dee06f1c1295bd9f5292c7642e67dda5aa56c6fa","23276","1688713283","1688713283"),
("8","0","1688713283","0","0","1","2","0","/ns_theme_freelancer/Free/csm_safe.png","b62d1503134483f20beed14292c1b19b84daaf75","44c7e4ae4d6d86e66e39489652981424f0f56375","png","image/png","csm_safe.png","752aadf951e06f9416a2315c656ff7083af2574e","17882","1688713283","1688713283"),
("9","0","1688713283","0","0","1","2","0","/ns_theme_freelancer/Free/csm_submarine.png","1f44ccdb11d33de1828c405bf5aa288763d07950","44c7e4ae4d6d86e66e39489652981424f0f56375","png","image/png","csm_submarine.png","cced342fa66811d55a121130d297463ba6c4c19a","23296","1688713283","1688713283"),
("10","0","1688713284","0","0","1","1","0","/ns_theme_freelancer/Forms/contactForm.form.yaml","b52f217e95fb48170de8836597fd02db714361e4","159f90fad334971a1562daab734309386dbdb935","yaml","text/plain","contactForm.form.yaml","2a87bbe732d642ef02b7cd875cd7b6f20a0a9306","2259","1688713283","1688713283");

--
--
-- Dumping data for table `sys_file_metadata`
--

INSERT INTO `sys_file_metadata` (`uid`, `pid`, `tstamp`, `crdate`, `sys_language_uid`, `l10n_parent`, `l10n_state`, `t3_origuid`, `l10n_diffsource`, `t3ver_oid`, `t3ver_wsid`, `t3ver_state`, `t3ver_stage`, `file`, `title`, `width`, `height`, `description`, `alternative`, `categories`) VALUES 
("1","0","1688713277","1688713277","0","0","","0","","0","0","0","0","1","","264","280","","","0"),
("2","0","1688713277","1688713277","0","0","","0","","0","0","0","0","2","","480","270","","","0"),
("3","0","1688713277","1688713277","0","0","","0","","0","0","0","0","3","","900","650","","","0"),
("4","0","1688713277","1688713277","0","0","","0","","0","0","0","0","4","","400","289","","","0"),
("5","0","1688713277","1688713277","0","0","","0","","0","0","0","0","5","","400","289","","","0"),
("6","0","1688713277","1688713277","0","0","","0","","0","0","0","0","6","","400","289","","","0"),
("7","0","1688713277","1688713277","0","0","","0","","0","0","0","0","7","","400","289","","","0"),
("8","0","1688713277","1688713277","0","0","","0","","0","0","0","0","8","","400","289","","","0"),
("9","0","1688713277","1688713277","0","0","","0","","0","0","0","0","9","","400","289","","","0"),
("10","0","1688713277","1688713277","0","0","","0","","0","0","0","0","10","","0","0","","","0");

--
--
-- Dumping data for table `sys_file_processedfile`
--

INSERT INTO `sys_file_processedfile` (`uid`, `tstamp`, `crdate`, `storage`, `original`, `identifier`, `name`, `processing_url`, `configuration`, `configurationsha1`, `originalfilesha1`, `task_type`, `checksum`, `width`, `height`) VALUES 
("1","1688717551","1688713319","1","1","/_processed_/d/9/csm_avataaar_c1347c91f9.png","csm_avataaar_c1347c91f9.png","","a:7:{s:5:\"width\";s:4:\"240c\";s:6:\"height\";s:4:\"255c\";s:8:\"minWidth\";N;s:9:\"minHeight\";N;s:8:\"maxWidth\";N;s:9:\"maxHeight\";N;s:4:\"crop\";N;}","abc4c01477407af96e0c76287f3f5e5251549119","327e1e4c53724e3f65b7ee56bddd6762a40522a1","Image.CropScaleMask","c1347c91f9","240","255"),
("2","1688717556","1688713342","1","2","/_processed_/c/8/preview_placeholder_480x270_d62b8d8999.jpg","preview_placeholder_480x270_d62b8d8999.jpg","","a:2:{s:5:\"width\";i:64;s:6:\"height\";i:64;}","551dfa8957f1a04693c61acf34bc959a1ca971c4","3058a3c08346a4b83c2f657ee92657180c442a3f","Image.Preview","d62b8d8999","64","36"),
("3","1688713344","1688713277","1","4","","","","a:7:{s:5:\"width\";N;s:6:\"height\";N;s:8:\"minWidth\";N;s:9:\"minHeight\";N;s:8:\"maxWidth\";N;s:9:\"maxHeight\";N;s:4:\"crop\";N;}","24f48d5b4de7d99b7144e6559156976855e74b5d","f9929d9798e79e5ba845ce5d980008bc0b721df1","Image.CropScaleMask","64fb2be18e","400","289"),
("4","1688713344","1688713277","1","5","","","","a:7:{s:5:\"width\";N;s:6:\"height\";N;s:8:\"minWidth\";N;s:9:\"minHeight\";N;s:8:\"maxWidth\";N;s:9:\"maxHeight\";N;s:4:\"crop\";N;}","24f48d5b4de7d99b7144e6559156976855e74b5d","d1b8586f1d76849fb3f1cc3b7c16078b7f749cfe","Image.CropScaleMask","cd4a1c0bac","400","289"),
("5","1688713344","1688713277","1","6","","","","a:7:{s:5:\"width\";N;s:6:\"height\";N;s:8:\"minWidth\";N;s:9:\"minHeight\";N;s:8:\"maxWidth\";N;s:9:\"maxHeight\";N;s:4:\"crop\";N;}","24f48d5b4de7d99b7144e6559156976855e74b5d","f49d368d8199975770852c3c523d3e4758d915b1","Image.CropScaleMask","06bf12c77d","400","289"),
("6","1688713344","1688713277","1","7","","","","a:7:{s:5:\"width\";N;s:6:\"height\";N;s:8:\"minWidth\";N;s:9:\"minHeight\";N;s:8:\"maxWidth\";N;s:9:\"maxHeight\";N;s:4:\"crop\";N;}","24f48d5b4de7d99b7144e6559156976855e74b5d","dee06f1c1295bd9f5292c7642e67dda5aa56c6fa","Image.CropScaleMask","9241f8244d","400","289"),
("7","1688713344","1688713277","1","8","","","","a:7:{s:5:\"width\";N;s:6:\"height\";N;s:8:\"minWidth\";N;s:9:\"minHeight\";N;s:8:\"maxWidth\";N;s:9:\"maxHeight\";N;s:4:\"crop\";N;}","24f48d5b4de7d99b7144e6559156976855e74b5d","752aadf951e06f9416a2315c656ff7083af2574e","Image.CropScaleMask","ef00febc79","400","289"),
("8","1688713344","1688713277","1","9","","","","a:7:{s:5:\"width\";N;s:6:\"height\";N;s:8:\"minWidth\";N;s:9:\"minHeight\";N;s:8:\"maxWidth\";N;s:9:\"maxHeight\";N;s:4:\"crop\";N;}","24f48d5b4de7d99b7144e6559156976855e74b5d","cced342fa66811d55a121130d297463ba6c4c19a","Image.CropScaleMask","e8f8b83254","400","289"),
("9","1688717562","1688716027","1","1","/_processed_/d/9/csm_avataaar_51703f1f17.png","csm_avataaar_51703f1f17.png","","a:7:{s:5:\"width\";s:4:\"255c\";s:6:\"height\";s:4:\"270c\";s:8:\"minWidth\";N;s:9:\"minHeight\";N;s:8:\"maxWidth\";N;s:9:\"maxHeight\";N;s:4:\"crop\";N;}","bd8d987efe8ce586fc8f4cdf2c2dc5fa3e35babc","327e1e4c53724e3f65b7ee56bddd6762a40522a1","Image.CropScaleMask","51703f1f17","255","270"),
("10","1688716027","1688716027","1","4","","","","a:7:{s:5:\"width\";N;s:6:\"height\";N;s:8:\"minWidth\";N;s:9:\"minHeight\";N;s:8:\"maxWidth\";i:400;s:9:\"maxHeight\";i:289;s:4:\"crop\";N;}","a1720888276b114453adc73703158ca2544b2447","f9929d9798e79e5ba845ce5d980008bc0b721df1","Image.CropScaleMask","880ae45d38","0","0"),
("11","1688716027","1688716027","1","5","","","","a:7:{s:5:\"width\";N;s:6:\"height\";N;s:8:\"minWidth\";N;s:9:\"minHeight\";N;s:8:\"maxWidth\";i:400;s:9:\"maxHeight\";i:289;s:4:\"crop\";N;}","a1720888276b114453adc73703158ca2544b2447","d1b8586f1d76849fb3f1cc3b7c16078b7f749cfe","Image.CropScaleMask","016a499861","0","0"),
("12","1688716027","1688716027","1","6","","","","a:7:{s:5:\"width\";N;s:6:\"height\";N;s:8:\"minWidth\";N;s:9:\"minHeight\";N;s:8:\"maxWidth\";i:400;s:9:\"maxHeight\";i:289;s:4:\"crop\";N;}","a1720888276b114453adc73703158ca2544b2447","f49d368d8199975770852c3c523d3e4758d915b1","Image.CropScaleMask","420399f595","0","0"),
("13","1688716028","1688716028","1","7","","","","a:7:{s:5:\"width\";N;s:6:\"height\";N;s:8:\"minWidth\";N;s:9:\"minHeight\";N;s:8:\"maxWidth\";i:400;s:9:\"maxHeight\";i:289;s:4:\"crop\";N;}","a1720888276b114453adc73703158ca2544b2447","dee06f1c1295bd9f5292c7642e67dda5aa56c6fa","Image.CropScaleMask","a8602898fe","0","0"),
("14","1688716028","1688716028","1","8","","","","a:7:{s:5:\"width\";N;s:6:\"height\";N;s:8:\"minWidth\";N;s:9:\"minHeight\";N;s:8:\"maxWidth\";i:400;s:9:\"maxHeight\";i:289;s:4:\"crop\";N;}","a1720888276b114453adc73703158ca2544b2447","752aadf951e06f9416a2315c656ff7083af2574e","Image.CropScaleMask","7e8580e0a2","0","0"),
("15","1688716028","1688716028","1","9","","","","a:7:{s:5:\"width\";N;s:6:\"height\";N;s:8:\"minWidth\";N;s:9:\"minHeight\";N;s:8:\"maxWidth\";i:400;s:9:\"maxHeight\";i:289;s:4:\"crop\";N;}","a1720888276b114453adc73703158ca2544b2447","cced342fa66811d55a121130d297463ba6c4c19a","Image.CropScaleMask","385f03cb47","0","0"),
("16","1688717562","1688716028","1","4","/_processed_/e/b/csm_csm_cabin_71b292c0ad.png","csm_csm_cabin_71b292c0ad.png","","a:7:{s:5:\"width\";i:750;s:6:\"height\";i:542;s:8:\"minWidth\";N;s:9:\"minHeight\";N;s:8:\"maxWidth\";N;s:9:\"maxHeight\";N;s:4:\"crop\";N;}","66386d6fdfed350c4c2dcb632efce53854e6b4d9","f9929d9798e79e5ba845ce5d980008bc0b721df1","Image.CropScaleMask","71b292c0ad","750","542"),
("17","1688717562","1688716028","1","5","/_processed_/2/1/csm_csm_cake_5bf0d3bd9a.png","csm_csm_cake_5bf0d3bd9a.png","","a:7:{s:5:\"width\";i:750;s:6:\"height\";i:542;s:8:\"minWidth\";N;s:9:\"minHeight\";N;s:8:\"maxWidth\";N;s:9:\"maxHeight\";N;s:4:\"crop\";N;}","66386d6fdfed350c4c2dcb632efce53854e6b4d9","d1b8586f1d76849fb3f1cc3b7c16078b7f749cfe","Image.CropScaleMask","5bf0d3bd9a","750","542"),
("18","1688717562","1688716028","1","6","/_processed_/2/3/csm_csm_circus_e03500e3cb.png","csm_csm_circus_e03500e3cb.png","","a:7:{s:5:\"width\";i:750;s:6:\"height\";i:542;s:8:\"minWidth\";N;s:9:\"minHeight\";N;s:8:\"maxWidth\";N;s:9:\"maxHeight\";N;s:4:\"crop\";N;}","66386d6fdfed350c4c2dcb632efce53854e6b4d9","f49d368d8199975770852c3c523d3e4758d915b1","Image.CropScaleMask","e03500e3cb","750","542"),
("19","1688717563","1688716028","1","7","/_processed_/a/0/csm_csm_game_7edea16bf5.png","csm_csm_game_7edea16bf5.png","","a:7:{s:5:\"width\";i:750;s:6:\"height\";i:542;s:8:\"minWidth\";N;s:9:\"minHeight\";N;s:8:\"maxWidth\";N;s:9:\"maxHeight\";N;s:4:\"crop\";N;}","66386d6fdfed350c4c2dcb632efce53854e6b4d9","dee06f1c1295bd9f5292c7642e67dda5aa56c6fa","Image.CropScaleMask","7edea16bf5","750","542"),
("20","1688717563","1688716028","1","8","/_processed_/a/f/csm_csm_safe_d011e877ea.png","csm_csm_safe_d011e877ea.png","","a:7:{s:5:\"width\";i:750;s:6:\"height\";i:542;s:8:\"minWidth\";N;s:9:\"minHeight\";N;s:8:\"maxWidth\";N;s:9:\"maxHeight\";N;s:4:\"crop\";N;}","66386d6fdfed350c4c2dcb632efce53854e6b4d9","752aadf951e06f9416a2315c656ff7083af2574e","Image.CropScaleMask","d011e877ea","750","542"),
("21","1688717563","1688716028","1","9","/_processed_/e/b/csm_csm_submarine_c46228667e.png","csm_csm_submarine_c46228667e.png","","a:7:{s:5:\"width\";i:750;s:6:\"height\";i:542;s:8:\"minWidth\";N;s:9:\"minHeight\";N;s:8:\"maxWidth\";N;s:9:\"maxHeight\";N;s:4:\"crop\";N;}","66386d6fdfed350c4c2dcb632efce53854e6b4d9","cced342fa66811d55a121130d297463ba6c4c19a","Image.CropScaleMask","c46228667e","750","542");

--
--
-- Dumping data for table `sys_file_reference`
--

INSERT INTO `sys_file_reference` (`uid`, `pid`, `tstamp`, `crdate`, `deleted`, `hidden`, `sys_language_uid`, `l10n_parent`, `l10n_state`, `l10n_diffsource`, `t3ver_oid`, `t3ver_wsid`, `t3ver_state`, `t3ver_stage`, `uid_local`, `uid_foreign`, `tablenames`, `fieldname`, `sorting_foreign`, `title`, `description`, `alternative`, `link`, `crop`, `autoplay`) VALUES 
("1","13","1688713277","1688713277","0","0","0","0","","a:8:{s:5:\"title\";N;s:11:\"alternative\";N;s:4:\"link\";N;s:11:\"description\";N;s:4:\"crop\";N;s:9:\"uid_local\";N;s:6:\"hidden\";N;s:16:\"sys_language_uid\";N;}","0","0","0","0","3","65","tt_content","image","1","","","","","{\"default\":{\"cropArea\":{\"x\":0,\"y\":0,\"width\":1,\"height\":1},\"selectedRatio\":\"NaN\",\"focusArea\":null},\"specialTablet\":{\"cropArea\":{\"x\":0,\"y\":0,\"width\":1,\"height\":1},\"selectedRatio\":\"3:2\",\"focusArea\":null},\"specialMobile\":{\"cropArea\":{\"x\":0,\"y\":0,\"width\":1,\"height\":1},\"selectedRatio\":\"4:3\",\"focusArea\":null}}","0"),
("2","6","1688713277","1688713277","0","0","0","0","","","0","0","0","0","2","23","tt_content","image","1","","","","","{\"specialMobile\":{\"cropArea\":{\"x\":0,\"y\":0,\"width\":1,\"height\":1},\"selectedRatio\":\"NaN\",\"focusArea\":null},\"specialTablet\":{\"cropArea\":{\"x\":0,\"y\":0,\"width\":1,\"height\":1},\"selectedRatio\":\"NaN\",\"focusArea\":null},\"default\":{\"cropArea\":{\"x\":0,\"y\":0,\"width\":1,\"height\":1},\"selectedRatio\":\"NaN\",\"focusArea\":null}}","0"),
("3","6","1688713277","1688713277","0","0","0","0","","","0","0","0","0","2","21","tt_content","image","1","","","","","{\"specialMobile\":{\"cropArea\":{\"x\":0,\"y\":0,\"width\":1,\"height\":1},\"selectedRatio\":\"NaN\",\"focusArea\":null},\"specialTablet\":{\"cropArea\":{\"x\":0,\"y\":0,\"width\":1,\"height\":1},\"selectedRatio\":\"NaN\",\"focusArea\":null},\"default\":{\"cropArea\":{\"x\":0,\"y\":0,\"width\":1,\"height\":1},\"selectedRatio\":\"NaN\",\"focusArea\":null}}","0"),
("4","6","1688713277","1688713277","0","0","0","0","","","0","0","0","0","2","20","tt_content","image","1","","","","","{\"specialMobile\":{\"cropArea\":{\"x\":0,\"y\":0,\"width\":1,\"height\":1},\"selectedRatio\":\"NaN\",\"focusArea\":null},\"specialTablet\":{\"cropArea\":{\"x\":0,\"y\":0,\"width\":1,\"height\":1},\"selectedRatio\":\"NaN\",\"focusArea\":null},\"default\":{\"cropArea\":{\"x\":0,\"y\":0,\"width\":1,\"height\":1},\"selectedRatio\":\"NaN\",\"focusArea\":null}}","0"),
("5","6","1688713277","1688713277","0","0","0","0","","","0","0","0","0","2","20","tt_content","image","2","","","","","{\"specialMobile\":{\"cropArea\":{\"x\":0,\"y\":0,\"width\":1,\"height\":1},\"selectedRatio\":\"NaN\",\"focusArea\":null},\"specialTablet\":{\"cropArea\":{\"x\":0,\"y\":0,\"width\":1,\"height\":1},\"selectedRatio\":\"NaN\",\"focusArea\":null},\"default\":{\"cropArea\":{\"x\":0,\"y\":0,\"width\":1,\"height\":1},\"selectedRatio\":\"NaN\",\"focusArea\":null}}","0"),
("6","6","1688713277","1688713277","0","0","0","0","","","0","0","0","0","2","20","tt_content","image","3","","","","","{\"specialMobile\":{\"cropArea\":{\"x\":0,\"y\":0,\"width\":1,\"height\":1},\"selectedRatio\":\"NaN\",\"focusArea\":null},\"specialTablet\":{\"cropArea\":{\"x\":0,\"y\":0,\"width\":1,\"height\":1},\"selectedRatio\":\"NaN\",\"focusArea\":null},\"default\":{\"cropArea\":{\"x\":0,\"y\":0,\"width\":1,\"height\":1},\"selectedRatio\":\"NaN\",\"focusArea\":null}}","0"),
("7","6","1688713277","1688713277","0","0","0","0","","","0","0","0","0","2","19","tt_content","image","1","","","","","{\"specialMobile\":{\"cropArea\":{\"x\":0,\"y\":0,\"width\":1,\"height\":1},\"selectedRatio\":\"NaN\",\"focusArea\":null},\"specialTablet\":{\"cropArea\":{\"x\":0,\"y\":0,\"width\":1,\"height\":1},\"selectedRatio\":\"NaN\",\"focusArea\":null},\"default\":{\"cropArea\":{\"x\":0,\"y\":0,\"width\":1,\"height\":1},\"selectedRatio\":\"NaN\",\"focusArea\":null}}","0"),
("8","6","1688713277","1688713277","0","0","0","0","","","0","0","0","0","2","18","tt_content","image","1","","","","","{\"specialMobile\":{\"cropArea\":{\"x\":0,\"y\":0,\"width\":1,\"height\":1},\"selectedRatio\":\"NaN\",\"focusArea\":null},\"specialTablet\":{\"cropArea\":{\"x\":0,\"y\":0,\"width\":1,\"height\":1},\"selectedRatio\":\"NaN\",\"focusArea\":null},\"default\":{\"cropArea\":{\"x\":0,\"y\":0,\"width\":1,\"height\":1},\"selectedRatio\":\"NaN\",\"focusArea\":null}}","0"),
("9","6","1688713277","1688713277","0","0","0","0","","","0","0","0","0","2","18","tt_content","image","2","","","","","{\"specialMobile\":{\"cropArea\":{\"x\":0,\"y\":0,\"width\":1,\"height\":1},\"selectedRatio\":\"NaN\",\"focusArea\":null},\"specialTablet\":{\"cropArea\":{\"x\":0,\"y\":0,\"width\":1,\"height\":1},\"selectedRatio\":\"NaN\",\"focusArea\":null},\"default\":{\"cropArea\":{\"x\":0,\"y\":0,\"width\":1,\"height\":1},\"selectedRatio\":\"NaN\",\"focusArea\":null}}","0"),
("10","6","1688713277","1688713277","0","0","0","0","","","0","0","0","0","2","18","tt_content","image","3","","","","","{\"specialMobile\":{\"cropArea\":{\"x\":0,\"y\":0,\"width\":1,\"height\":1},\"selectedRatio\":\"NaN\",\"focusArea\":null},\"specialTablet\":{\"cropArea\":{\"x\":0,\"y\":0,\"width\":1,\"height\":1},\"selectedRatio\":\"NaN\",\"focusArea\":null},\"default\":{\"cropArea\":{\"x\":0,\"y\":0,\"width\":1,\"height\":1},\"selectedRatio\":\"NaN\",\"focusArea\":null}}","0"),
("11","6","1688713277","1688713277","0","0","0","0","","","0","0","0","0","2","17","tt_content","image","1","","","","","{\"specialMobile\":{\"cropArea\":{\"x\":0,\"y\":0,\"width\":1,\"height\":1},\"selectedRatio\":\"NaN\",\"focusArea\":null},\"specialTablet\":{\"cropArea\":{\"x\":0,\"y\":0,\"width\":1,\"height\":1},\"selectedRatio\":\"NaN\",\"focusArea\":null},\"default\":{\"cropArea\":{\"x\":0,\"y\":0,\"width\":1,\"height\":1},\"selectedRatio\":\"NaN\",\"focusArea\":null}}","0"),
("12","6","1688713277","1688713277","0","0","0","0","","","0","0","0","0","2","16","tt_content","image","1","","","","","{\"specialMobile\":{\"cropArea\":{\"x\":0,\"y\":0,\"width\":1,\"height\":1},\"selectedRatio\":\"NaN\",\"focusArea\":null},\"specialTablet\":{\"cropArea\":{\"x\":0,\"y\":0,\"width\":1,\"height\":1},\"selectedRatio\":\"NaN\",\"focusArea\":null},\"default\":{\"cropArea\":{\"x\":0,\"y\":0,\"width\":1,\"height\":1},\"selectedRatio\":\"NaN\",\"focusArea\":null}}","0"),
("13","6","1688713277","1688713277","0","0","0","0","","","0","0","0","0","2","16","tt_content","image","2","","","","","{\"specialMobile\":{\"cropArea\":{\"x\":0,\"y\":0,\"width\":1,\"height\":1},\"selectedRatio\":\"NaN\",\"focusArea\":null},\"specialTablet\":{\"cropArea\":{\"x\":0,\"y\":0,\"width\":1,\"height\":1},\"selectedRatio\":\"NaN\",\"focusArea\":null},\"default\":{\"cropArea\":{\"x\":0,\"y\":0,\"width\":1,\"height\":1},\"selectedRatio\":\"NaN\",\"focusArea\":null}}","0"),
("14","6","1688713277","1688713277","0","0","0","0","","","0","0","0","0","2","16","tt_content","image","3","","","","","{\"specialMobile\":{\"cropArea\":{\"x\":0,\"y\":0,\"width\":1,\"height\":1},\"selectedRatio\":\"NaN\",\"focusArea\":null},\"specialTablet\":{\"cropArea\":{\"x\":0,\"y\":0,\"width\":1,\"height\":1},\"selectedRatio\":\"NaN\",\"focusArea\":null},\"default\":{\"cropArea\":{\"x\":0,\"y\":0,\"width\":1,\"height\":1},\"selectedRatio\":\"NaN\",\"focusArea\":null}}","0"),
("15","6","1688713277","1688713277","0","0","0","0","","","0","0","0","0","2","15","tt_content","image","1","","","","","{\"specialMobile\":{\"cropArea\":{\"x\":0,\"y\":0,\"width\":1,\"height\":1},\"selectedRatio\":\"NaN\",\"focusArea\":null},\"specialTablet\":{\"cropArea\":{\"x\":0,\"y\":0,\"width\":1,\"height\":1},\"selectedRatio\":\"NaN\",\"focusArea\":null},\"default\":{\"cropArea\":{\"x\":0,\"y\":0,\"width\":1,\"height\":1},\"selectedRatio\":\"NaN\",\"focusArea\":null}}","0"),
("16","6","1688713277","1688713277","0","0","0","0","","","0","0","0","0","2","14","tt_content","image","1","","","","","{\"specialMobile\":{\"cropArea\":{\"x\":0,\"y\":0,\"width\":1,\"height\":1},\"selectedRatio\":\"NaN\",\"focusArea\":null},\"specialTablet\":{\"cropArea\":{\"x\":0,\"y\":0,\"width\":1,\"height\":1},\"selectedRatio\":\"NaN\",\"focusArea\":null},\"default\":{\"cropArea\":{\"x\":0,\"y\":0,\"width\":1,\"height\":1},\"selectedRatio\":\"NaN\",\"focusArea\":null}}","0"),
("17","6","1688713277","1688713277","0","0","0","0","","","0","0","0","0","2","14","tt_content","image","2","","","","","{\"specialMobile\":{\"cropArea\":{\"x\":0,\"y\":0,\"width\":1,\"height\":1},\"selectedRatio\":\"NaN\",\"focusArea\":null},\"specialTablet\":{\"cropArea\":{\"x\":0,\"y\":0,\"width\":1,\"height\":1},\"selectedRatio\":\"NaN\",\"focusArea\":null},\"default\":{\"cropArea\":{\"x\":0,\"y\":0,\"width\":1,\"height\":1},\"selectedRatio\":\"NaN\",\"focusArea\":null}}","0"),
("18","6","1688713277","1688713277","0","0","0","0","","","0","0","0","0","2","14","tt_content","image","3","","","","","{\"specialMobile\":{\"cropArea\":{\"x\":0,\"y\":0,\"width\":1,\"height\":1},\"selectedRatio\":\"NaN\",\"focusArea\":null},\"specialTablet\":{\"cropArea\":{\"x\":0,\"y\":0,\"width\":1,\"height\":1},\"selectedRatio\":\"NaN\",\"focusArea\":null},\"default\":{\"cropArea\":{\"x\":0,\"y\":0,\"width\":1,\"height\":1},\"selectedRatio\":\"NaN\",\"focusArea\":null}}","0"),
("19","6","1688713277","1688713277","0","0","0","0","","","0","0","0","0","2","13","tt_content","image","1","","","","","{\"specialMobile\":{\"cropArea\":{\"x\":0,\"y\":0,\"width\":1,\"height\":1},\"selectedRatio\":\"NaN\",\"focusArea\":null},\"specialTablet\":{\"cropArea\":{\"x\":0,\"y\":0,\"width\":1,\"height\":1},\"selectedRatio\":\"NaN\",\"focusArea\":null},\"default\":{\"cropArea\":{\"x\":0,\"y\":0,\"width\":1,\"height\":1},\"selectedRatio\":\"NaN\",\"focusArea\":null}}","0"),
("20","6","1688713277","1688713277","0","0","0","0","","","0","0","0","0","2","12","tt_content","image","1","","","","","{\"specialMobile\":{\"cropArea\":{\"x\":0,\"y\":0,\"width\":1,\"height\":1},\"selectedRatio\":\"NaN\",\"focusArea\":null},\"specialTablet\":{\"cropArea\":{\"x\":0,\"y\":0,\"width\":1,\"height\":1},\"selectedRatio\":\"NaN\",\"focusArea\":null},\"default\":{\"cropArea\":{\"x\":0,\"y\":0,\"width\":1,\"height\":1},\"selectedRatio\":\"NaN\",\"focusArea\":null}}","0"),
("21","6","1688713277","1688713277","0","0","0","0","","","0","0","0","0","2","12","tt_content","image","2","","","","","{\"specialMobile\":{\"cropArea\":{\"x\":0,\"y\":0,\"width\":1,\"height\":1},\"selectedRatio\":\"NaN\",\"focusArea\":null},\"specialTablet\":{\"cropArea\":{\"x\":0,\"y\":0,\"width\":1,\"height\":1},\"selectedRatio\":\"NaN\",\"focusArea\":null},\"default\":{\"cropArea\":{\"x\":0,\"y\":0,\"width\":1,\"height\":1},\"selectedRatio\":\"NaN\",\"focusArea\":null}}","0"),
("22","6","1688713277","1688713277","0","0","0","0","","","0","0","0","0","2","12","tt_content","image","3","","","","","{\"specialMobile\":{\"cropArea\":{\"x\":0,\"y\":0,\"width\":1,\"height\":1},\"selectedRatio\":\"NaN\",\"focusArea\":null},\"specialTablet\":{\"cropArea\":{\"x\":0,\"y\":0,\"width\":1,\"height\":1},\"selectedRatio\":\"NaN\",\"focusArea\":null},\"default\":{\"cropArea\":{\"x\":0,\"y\":0,\"width\":1,\"height\":1},\"selectedRatio\":\"NaN\",\"focusArea\":null}}","0"),
("23","6","1688713277","1688713277","0","0","0","0","","","0","0","0","0","2","11","tt_content","image","1","","","","","{\"specialMobile\":{\"cropArea\":{\"x\":0,\"y\":0,\"width\":1,\"height\":1},\"selectedRatio\":\"NaN\",\"focusArea\":null},\"specialTablet\":{\"cropArea\":{\"x\":0,\"y\":0,\"width\":1,\"height\":1},\"selectedRatio\":\"NaN\",\"focusArea\":null},\"default\":{\"cropArea\":{\"x\":0,\"y\":0,\"width\":1,\"height\":1},\"selectedRatio\":\"NaN\",\"focusArea\":null}}","0"),
("24","6","1688713277","1688713277","0","0","0","0","","","0","0","0","0","2","11","tt_content","image","2","","","","","{\"specialMobile\":{\"cropArea\":{\"x\":0,\"y\":0,\"width\":1,\"height\":1},\"selectedRatio\":\"NaN\",\"focusArea\":null},\"specialTablet\":{\"cropArea\":{\"x\":0,\"y\":0,\"width\":1,\"height\":1},\"selectedRatio\":\"NaN\",\"focusArea\":null},\"default\":{\"cropArea\":{\"x\":0,\"y\":0,\"width\":1,\"height\":1},\"selectedRatio\":\"NaN\",\"focusArea\":null}}","0"),
("25","6","1688713277","1688713277","0","0","0","0","","","0","0","0","0","2","11","tt_content","image","3","","","","","{\"specialMobile\":{\"cropArea\":{\"x\":0,\"y\":0,\"width\":1,\"height\":1},\"selectedRatio\":\"NaN\",\"focusArea\":null},\"specialTablet\":{\"cropArea\":{\"x\":0,\"y\":0,\"width\":1,\"height\":1},\"selectedRatio\":\"NaN\",\"focusArea\":null},\"default\":{\"cropArea\":{\"x\":0,\"y\":0,\"width\":1,\"height\":1},\"selectedRatio\":\"NaN\",\"focusArea\":null}}","0"),
("26","6","1688713277","1688713277","0","0","0","0","","","0","0","0","0","2","10","tt_content","image","1","","","","","{\"specialMobile\":{\"cropArea\":{\"x\":0,\"y\":0,\"width\":1,\"height\":1},\"selectedRatio\":\"NaN\",\"focusArea\":null},\"specialTablet\":{\"cropArea\":{\"x\":0,\"y\":0,\"width\":1,\"height\":1},\"selectedRatio\":\"NaN\",\"focusArea\":null},\"default\":{\"cropArea\":{\"x\":0,\"y\":0,\"width\":1,\"height\":1},\"selectedRatio\":\"NaN\",\"focusArea\":null}}","0"),
("27","6","1688713277","1688713277","0","0","0","0","","","0","0","0","0","2","9","tt_content","image","1","","","","","{\"specialMobile\":{\"cropArea\":{\"x\":0,\"y\":0,\"width\":1,\"height\":1},\"selectedRatio\":\"NaN\",\"focusArea\":null},\"specialTablet\":{\"cropArea\":{\"x\":0,\"y\":0,\"width\":1,\"height\":1},\"selectedRatio\":\"NaN\",\"focusArea\":null},\"default\":{\"cropArea\":{\"x\":0,\"y\":0,\"width\":1,\"height\":1},\"selectedRatio\":\"NaN\",\"focusArea\":null}}","0"),
("28","6","1688713277","1688713277","0","0","0","0","","","0","0","0","0","2","9","tt_content","image","2","","","","","{\"specialMobile\":{\"cropArea\":{\"x\":0,\"y\":0,\"width\":1,\"height\":1},\"selectedRatio\":\"NaN\",\"focusArea\":null},\"specialTablet\":{\"cropArea\":{\"x\":0,\"y\":0,\"width\":1,\"height\":1},\"selectedRatio\":\"NaN\",\"focusArea\":null},\"default\":{\"cropArea\":{\"x\":0,\"y\":0,\"width\":1,\"height\":1},\"selectedRatio\":\"NaN\",\"focusArea\":null}}","0"),
("29","6","1688713277","1688713277","0","0","0","0","","","0","0","0","0","2","9","tt_content","image","3","","","","","{\"specialMobile\":{\"cropArea\":{\"x\":0,\"y\":0,\"width\":1,\"height\":1},\"selectedRatio\":\"NaN\",\"focusArea\":null},\"specialTablet\":{\"cropArea\":{\"x\":0,\"y\":0,\"width\":1,\"height\":1},\"selectedRatio\":\"NaN\",\"focusArea\":null},\"default\":{\"cropArea\":{\"x\":0,\"y\":0,\"width\":1,\"height\":1},\"selectedRatio\":\"NaN\",\"focusArea\":null}}","0"),
("30","6","1688713277","1688713277","0","0","0","0","","","0","0","0","0","2","8","tt_content","image","1","","","","","{\"specialMobile\":{\"cropArea\":{\"x\":0,\"y\":0,\"width\":1,\"height\":1},\"selectedRatio\":\"NaN\",\"focusArea\":null},\"specialTablet\":{\"cropArea\":{\"x\":0,\"y\":0,\"width\":1,\"height\":1},\"selectedRatio\":\"NaN\",\"focusArea\":null},\"default\":{\"cropArea\":{\"x\":0,\"y\":0,\"width\":1,\"height\":1},\"selectedRatio\":\"NaN\",\"focusArea\":null}}","0"),
("31","1","1688713277","1688713277","0","0","0","0","","","0","0","0","0","1","32","tt_content","image","1","","","","","{\"default\":{\"cropArea\":{\"x\":0,\"y\":0,\"width\":1,\"height\":1},\"selectedRatio\":\"NaN\",\"focusArea\":null}}","0");

--
--
-- Dumping data for table `sys_file_storage`
--

INSERT INTO `sys_file_storage` (`uid`, `pid`, `tstamp`, `crdate`, `deleted`, `description`, `name`, `driver`, `configuration`, `is_default`, `is_browsable`, `is_public`, `is_writable`, `is_online`, `auto_extract_metadata`, `processingfolder`) VALUES 
("1","0","1688713277","1688713277","0","This is the local fileadmin/ directory. This storage mount has been created automatically by TYPO3.","fileadmin","Local","<?xml version=\"1.0\" encoding=\"utf-8\" standalone=\"yes\" ?>\n<T3FlexForms>\n    <data>\n        <sheet index=\"sDEF\">\n            <language index=\"lDEF\">\n                <field index=\"basePath\">\n                    <value index=\"vDEF\">fileadmin/</value>\n                </field>\n                <field index=\"pathType\">\n                    <value index=\"vDEF\">relative</value>\n                </field>\n                <field index=\"caseSensitive\">\n                    <value index=\"vDEF\">1</value>\n                </field>\n            </language>\n        </sheet>\n    </data>\n</T3FlexForms>","1","1","1","1","1","1","");

--
--
-- Dumping data for table `sys_refindex`
--

INSERT INTO `sys_refindex` (`hash`, `tablename`, `recuid`, `field`, `flexpointer`, `softref_key`, `softref_id`, `sorting`, `workspace`, `ref_table`, `ref_uid`, `ref_string`) VALUES 
("02a134eacbfff5fc1e49d356c7f8ffa2","tt_content","18","image","","","","0","0","sys_file_reference","8",""),
("0a9315bfa566a053f5ba94bec1e8cb24","tt_content","23","image","","","","0","0","sys_file_reference","2",""),
("0bc75fc48a18f1b7592b49955076fe97","sys_file","6","storage","","","","0","0","sys_file_storage","1",""),
("0cd1e942b88c95fe84bfe4f969b84057","tt_content","9","image","","","","2","0","sys_file_reference","29",""),
("0dc2a37ab43646c729dd2bcef0d99526","tt_content","16","image","","","","2","0","sys_file_reference","14",""),
("0f6150b40f370057e926e1ea3abcf2d8","sys_file_reference","19","uid_local","","","","0","0","sys_file","2",""),
("127aa34df3feb6be6e280cd9b8955d51","tt_content","1","pi_flexform","sDEF/lDEF/portfolio/el/61bb4a715108f418529073/container/el/image/vDEF/","","","0","0","sys_file","9",""),
("15597f65d7df3a40d1e792514c91c69f","sys_file","10","storage","","","","0","0","sys_file_storage","1",""),
("177f0f2186ef425a5b2de16bd54f0769","pages","14","shortcut","","","","0","0","pages","1",""),
("18b6bda94d3aaa6be1d463579566ce16","sys_file_reference","10","uid_local","","","","0","0","sys_file","2",""),
("1a58a6dcb1c100782c31acf7a72ee339","tt_content","1","pi_flexform","sDEF/lDEF/portfolio/el/61bb49681bb88771005091/container/el/image/vDEF/","","","0","0","sys_file","4",""),
("1c9b8784c1518ef7b22704c4fc698ca9","sys_file","2","storage","","","","0","0","sys_file_storage","1",""),
("1d99461080c478eff91a16c1062da055","sys_file_reference","8","uid_local","","","","0","0","sys_file","2",""),
("217982055a0ae3a9f06b1dc8d0e67068","tt_content","11","image","","","","2","0","sys_file_reference","25",""),
("243152b7a986da1eaf6a11be5a10cea4","sys_file_reference","11","uid_local","","","","0","0","sys_file","2",""),
("24d47b29aa969cf4db8635e76dd1c386","sys_file","3","storage","","","","0","0","sys_file_storage","1",""),
("27fe2f0f657d7938e571d7edc4ba466d","sys_file_reference","15","uid_local","","","","0","0","sys_file","2",""),
("29501ac63ab6441ae79ebd6402d242cd","tt_content","16","image","","","","0","0","sys_file_reference","12",""),
("2f7b2b704789948affaac6656349e36c","sys_file_reference","20","uid_local","","","","0","0","sys_file","2",""),
("369c714242cc594a64c42296d75a08d5","sys_file_reference","31","uid_local","","","","0","0","sys_file","1",""),
("39433ea4a82060704109046e4828d3c8","sys_file","1","storage","","","","0","0","sys_file_storage","1",""),
("3a582ea0f921c7476ba2e0a772c909a7","sys_file_reference","12","uid_local","","","","0","0","sys_file","2",""),
("3aab2a6fec53b34cf92f3c74acab37c7","tt_content","11","image","","","","0","0","sys_file_reference","23",""),
("3c9b677acee141e53eb7643078bc6b92","sys_file_reference","26","uid_local","","","","0","0","sys_file","2",""),
("4848068c95dfd54cf6a5a8b3f55d235e","pages","8","shortcut","","","","0","0","pages","11",""),
("49bbb15607f7f4d9b993968eaed09340","sys_file_reference","30","uid_local","","","","0","0","sys_file","2",""),
("49c8ad868daf808850bb97b9c39c9414","tt_content","14","image","","","","0","0","sys_file_reference","16",""),
("4d084a7687f1fc5a290a0a6af82134db","sys_file_reference","29","uid_local","","","","0","0","sys_file","2",""),
("4d74375f3b9dcbafd92e02532a8a67ed","tt_content","20","image","","","","1","0","sys_file_reference","5",""),
("52b5b89bdec27309093275a9968025fe","tt_content","20","image","","","","2","0","sys_file_reference","6",""),
("52e949341d237b89a5c1e135dab59e45","tt_content","14","image","","","","1","0","sys_file_reference","17",""),
("52ebbcfd6d331f942b46a08f20f06dcc","sys_file_reference","5","uid_local","","","","0","0","sys_file","2",""),
("5aa57985326988a5178d6446d3aadc58","sys_file_reference","4","uid_local","","","","0","0","sys_file","2",""),
("5d38ccac98e010ff4437b8a5666e2a29","tt_content","1","pi_flexform","sDEF/lDEF/portfolio/el/61bb4a632e9f3046467276/container/el/image/vDEF/","","","0","0","sys_file","7",""),
("61781069fa7894802b76fd11bef658c2","tt_content","9","image","","","","1","0","sys_file_reference","28",""),
("68ff30737cef69c0bb08aef32a1fcbf3","sys_file_reference","24","uid_local","","","","0","0","sys_file","2",""),
("692e129d0a6ae1105f43e3627f14e64d","sys_file","8","storage","","","","0","0","sys_file_storage","1",""),
("733d2e77630a71e6a55b3e8ff9a2df96","tt_content","13","image","","","","0","0","sys_file_reference","19",""),
("7760e93e700888ea91a3548c7f8dc337","sys_file_reference","13","uid_local","","","","0","0","sys_file","2",""),
("791d3f9d43dcbfa78cd49dd8258caa09","sys_file","5","storage","","","","0","0","sys_file_storage","1",""),
("7948a343d61e914310b02064c636413f","tt_content","18","image","","","","2","0","sys_file_reference","10",""),
("7a3d375a21c980dd3ba95808ab0b7925","sys_file_reference","23","uid_local","","","","0","0","sys_file","2",""),
("7c39f15857871554470ac7a5fb1493ab","tt_content","1","pi_flexform","sDEF/lDEF/portfolio/el/61bb4a59df85e090340053/container/el/image/vDEF/","","","0","0","sys_file","6",""),
("7ee5c0602475991a8aaede8101093600","tt_content","2","pi_flexform","sDEF/lDEF/btnlink/vDEF/","typolink","5ba4d9964c3ffa1bbb5228e573257354:0","-1","0","pages","1",""),
("8117fd5e80ca580d2ce075c0ed9f7af4","tt_content","11","image","","","","1","0","sys_file_reference","24",""),
("822f2e7218e27885c8225cca3eafc222","tt_content","18","image","","","","1","0","sys_file_reference","9",""),
("83489ed8b259ec05e0a92f197e3b1929","sys_file_reference","27","uid_local","","","","0","0","sys_file","2",""),
("83e547bebf151c6d932f7bdc5487ef64","sys_file","9","storage","","","","0","0","sys_file_storage","1",""),
("864bcd0a8b3d7b9b573eb217ac431b7f","sys_file_reference","21","uid_local","","","","0","0","sys_file","2",""),
("871af30d25ce0d1437a02ab8083a7ad3","tt_content","14","image","","","","2","0","sys_file_reference","18",""),
("8a09e6967f8bd9d332d591886c69f649","sys_file_reference","17","uid_local","","","","0","0","sys_file","2",""),
("8d7956f1992c26553ef289701b324880","tt_content","21","image","","","","0","0","sys_file_reference","3",""),
("91c28eee77139b9f43328f86845c3edd","sys_file_reference","22","uid_local","","","","0","0","sys_file","2",""),
("93004573d1d006a130ef069b9f27b1f9","sys_file","7","storage","","","","0","0","sys_file_storage","1",""),
("94eff91247e082df3019caba9dd668fd","sys_file_reference","6","uid_local","","","","0","0","sys_file","2",""),
("95866c2be72b817dbfddd287e696c46b","tt_content","17","image","","","","0","0","sys_file_reference","11",""),
("976bde2c66528fe228f527ed842f4b18","sys_file_reference","2","uid_local","","","","0","0","sys_file","2",""),
("98491729c74be93f4420e1c2d299330d","tt_content","12","image","","","","1","0","sys_file_reference","21",""),
("987d58da08240382d188ad258bf9f4c2","sys_file_reference","16","uid_local","","","","0","0","sys_file","2",""),
("9d199738fdb3797ba0d528590ebecf91","tt_content","1","pi_flexform","sDEF/lDEF/portfolio/el/61bb4a540ec52352802764/container/el/image/vDEF/","","","0","0","sys_file","5",""),
("9ef8ab4ec8f2055facdb08717d445c71","tt_content","1","pi_flexform","sDEF/lDEF/portfolio/el/61bb4a6a8384b190716538/container/el/image/vDEF/","","","0","0","sys_file","8",""),
("a56d738977cf0529b04d99ae70a50b24","tt_content","12","image","","","","2","0","sys_file_reference","22",""),
("a956f85bcfaa5ad4fff1ac9be452cc87","tt_content","3","pi_flexform","sDEF/lDEF/settings.persistenceIdentifier/vDEF/","formPersistenceIdentifier","dcc1795a660c3ba6d7195bdf5e6dba8b","-1","0","sys_file","10",""),
("ac730349630cfd8d218d8780a8c46e57","tt_content","7","pi_flexform","sDEF/lDEF/settings.persistenceIdentifier/vDEF/","formPersistenceIdentifier","08639a671e7974a96fdd5a6df51c17f7","-1","0","sys_file","10",""),
("b225275be85e77c897782650ffe2ea36","tt_content","32","image","","","","0","0","sys_file_reference","31",""),
("b9748136758f726edb75799e63fd02a1","tt_content","32","pi_flexform","sDEF/lDEF/image/vDEF/","","","0","0","sys_file_reference","31",""),
("bab37143de5339e474516691bf0c5857","sys_file","4","storage","","","","0","0","sys_file_storage","1",""),
("bfc7d57e768f64d1f032a8f18d336760","sys_file_reference","9","uid_local","","","","0","0","sys_file","2",""),
("c37f07161e1fdafec6f41dc1de8da1c1","sys_file_reference","1","uid_local","","","","0","0","sys_file","3",""),
("c5ab0c33c33f4cc24cf7672ad835b74f","tt_content","9","image","","","","0","0","sys_file_reference","27",""),
("c5c0cd44f63977c440293a12ce7f3879","tt_content","20","image","","","","0","0","sys_file_reference","4",""),
("cb7ac38de9411b190c2258e3cd6f6241","tt_content","8","image","","","","0","0","sys_file_reference","30",""),
("d2c31259d2f6e2a9dfafcee64ac6c51b","sys_file_reference","28","uid_local","","","","0","0","sys_file","2",""),
("dbc045cc38a6204193d02a92fb1f2424","tt_content","15","image","","","","0","0","sys_file_reference","15",""),
("de0af49d77185e9aee6731572718a5bd","pages","9","shortcut","","","","0","0","pages","1",""),
("e0ef1c759fafb606fddb2b604f5baf82","tt_content","16","image","","","","1","0","sys_file_reference","13",""),
("ecd124d38ff7b8be6d876d95cb50331f","sys_file_reference","7","uid_local","","","","0","0","sys_file","2",""),
("eee3acc5bb4d03f91b2c0b42e87d5c0b","sys_file_reference","18","uid_local","","","","0","0","sys_file","2",""),
("f0dfed8de4828b435023e85b42cef79b","sys_file_reference","25","uid_local","","","","0","0","sys_file","2",""),
("f17ec0eca0f32a6f798215f063469dd5","tt_content","12","image","","","","0","0","sys_file_reference","20",""),
("f3e5bbc17ecf7a9695d59da9e9947950","sys_file_reference","14","uid_local","","","","0","0","sys_file","2",""),
("f5cc7c637afde77f66a33f54da87db2f","tt_content","10","image","","","","0","0","sys_file_reference","26",""),
("f6d51b6462745ab29b986de8799f8202","sys_file_reference","3","uid_local","","","","0","0","sys_file","2",""),
("ff832f7f667e196ec16a6dde779885d9","tt_content","19","image","","","","0","0","sys_file_reference","7","");

--
--
-- Dumping data for table `sys_registry`
--

INSERT INTO `sys_registry` (`uid`, `entry_namespace`, `entry_key`, `entry_value`) VALUES 
("1","installUpdate","TYPO3\\CMS\\Install\\Updates\\FeeditExtractionUpdate","i:1;"),
("2","installUpdate","TYPO3\\CMS\\Install\\Updates\\TaskcenterExtractionUpdate","i:1;"),
("3","installUpdate","TYPO3\\CMS\\Install\\Updates\\SysActionExtractionUpdate","i:1;"),
("4","installUpdate","TYPO3\\CMS\\Install\\Updates\\SvgFilesSanitization","i:1;"),
("5","installUpdate","TYPO3\\CMS\\Install\\Updates\\ShortcutRecordsMigration","i:1;"),
("6","installUpdate","TYPO3\\CMS\\Install\\Updates\\CollectionsExtractionUpdate","i:1;"),
("7","installUpdate","TYPO3\\CMS\\Install\\Updates\\BackendUserLanguageMigration","i:1;"),
("8","installUpdate","TYPO3\\CMS\\Install\\Updates\\SysLogChannel","i:1;"),
("9","installUpdate","TYPO3\\CMS\\FrontendLogin\\Updates\\MigrateFeloginPlugins","i:1;"),
("10","installUpdateRows","rowUpdatersDone","a:4:{i:0;s:69:\"TYPO3\\CMS\\Install\\Updates\\RowUpdater\\WorkspaceVersionRecordsMigration\";i:1;s:66:\"TYPO3\\CMS\\Install\\Updates\\RowUpdater\\L18nDiffsourceToJsonMigration\";i:2;s:77:\"TYPO3\\CMS\\Install\\Updates\\RowUpdater\\WorkspaceMovePlaceholderRemovalMigration\";i:3;s:76:\"TYPO3\\CMS\\Install\\Updates\\RowUpdater\\WorkspaceNewPlaceholderRemovalMigration\";}"),
("11","core","formProtectionSessionToken:1","s:64:\"81ae60dba44d0427f84b8819c0c0860512b600b0b1c47f53732db3da375aeee4\";"),
("12","extensionDataImport","typo3conf/ext/ns_basetheme/ext_tables_static+adt.sql","s:0:\"\";"),
("13","extensionDataImport","typo3conf/ext/ns_theme_freelancer/Initialisation/Files","i:1;"),
("14","extensionDataImport","typo3conf/ext/ns_theme_freelancer/ext_tables_static+adt.sql","s:0:\"\";"),
("15","extensionDataImport","typo3conf/ext/ns_theme_freelancer/Initialisation/dataImported","i:1;"),
("16","siteConfigImport","ns_theme_freelancer","i:1;"),
("17","extensionDataImport","nitsan/ns-theme-freelancer/ext_tables_static+adt.sql","s:32:\"771c19553cbf71fce4a2ff8cd0cda411\";");

--
--
-- Dumping data for table `sys_template`
--

INSERT INTO `sys_template` (`uid`, `pid`, `tstamp`, `crdate`, `deleted`, `hidden`, `starttime`, `endtime`, `sorting`, `description`, `t3_origuid`, `title`, `root`, `clear`, `include_static_file`, `constants`, `config`, `basedOn`, `includeStaticAfterBasedOn`, `static_file_mode`, `tx_impexp_origuid`) VALUES 
("1","1","1688716083","1688713277","0","0","0","0","256","","0","Root: TypoScript","1","3","EXT:fluid_styled_content/Configuration/TypoScript/,EXT:gridelements/Configuration/TypoScript/,EXT:seo/Configuration/TypoScript/XmlSitemap,EXT:ns_license/Configuration/TypoScript,EXT:form/Configuration/TypoScript/,EXT:ns_basetheme/Configuration/TypoScript,EXT:ns_theme_freelancer/Configuration/TypoScript,EXT:ns_google_map/Configuration/TypoScript","ns_basetheme.website.settings.cookie.settings.url = 0\nns_basetheme.website.settings.cookie.settings.dismissOnScroll = 0\nns_basetheme.website.settings.cookie.settings.palette.button.background = #00A4B4\nns_basetheme.website.settings.cookie.settings.palette.button.text = #FFFFFF\nns_basetheme.website.settings.cookie.settings.palette.popup.background = #2C3E50\nns_basetheme.website.settings.cookie.settings.palette.popup.text = #FFFFFF\nns_basetheme.website.settings.copyright = T3Planet | <a href=\"https://www.nitsan.in\"> NITSAN Technologies Pvt Ltd </a>\nns_theme_freelancer.website.settings.fblink = facebook.com\nns_theme_freelancer.website.settings.twlink = twitter.com\nns_theme_freelancer.website.settings.inlink = linkedin.com\nns_theme_freelancer.website.settings.drlink = dribble.com\nns_basetheme.website.settings.compress_cssjs = 1\nns_basetheme.website.settings.logo = fileadmin/ns_theme_freelancer/logo.png\nns_theme_freelancer.website.settings.googleanalytics = 123456789\nns_basetheme.website.settings.no_cache = 1\nns_basetheme.website.settings.main_menu = 10\nns_theme_freelancer.website.settings.footerContentId = 9\nns_basetheme.website.settings.favicon = fileadmin/ns_theme_freelancer/favicon.ico\nns_basetheme.website.settings.logo_width = 242px\nns_basetheme.website.settings.logo_height = 40px\nns_basetheme.website.settings.logo_text = \nns_basetheme.website.settings.footer_menu = 7","","","0","3","1");

--
--
-- Dumping data for table `tt_content`
--

INSERT INTO `tt_content` (`uid`, `rowDescription`, `pid`, `tstamp`, `crdate`, `deleted`, `hidden`, `starttime`, `endtime`, `fe_group`, `sorting`, `editlock`, `sys_language_uid`, `l18n_parent`, `l10n_source`, `l10n_state`, `t3_origuid`, `l18n_diffsource`, `t3ver_oid`, `t3ver_wsid`, `t3ver_state`, `t3ver_stage`, `CType`, `header`, `header_position`, `bodytext`, `bullets_type`, `uploads_description`, `uploads_type`, `assets`, `image`, `imagewidth`, `imageorient`, `imagecols`, `imageborder`, `media`, `layout`, `frame_class`, `cols`, `space_before_class`, `space_after_class`, `records`, `pages`, `colPos`, `subheader`, `header_link`, `image_zoom`, `header_layout`, `list_type`, `sectionIndex`, `linkToTop`, `file_collections`, `filelink_size`, `filelink_sorting`, `filelink_sorting_direction`, `target`, `recursive`, `imageheight`, `pi_flexform`, `accessibility_title`, `accessibility_bypass`, `accessibility_bypass_text`, `category_field`, `table_class`, `table_caption`, `table_delimiter`, `table_enclosure`, `table_header_position`, `table_tfoot`, `categories`, `selected_categories`, `date`, `tx_impexp_origuid`) VALUES 
("1","","13","1688713277","1688713277","0","0","0","0","","256","0","0","0","0","","0","{\"pi_flexform\":\"\"}","0","0","0","0","ns_portfolio","","","","0","0","0","0","0","0","0","2","0","0","0","default","0","large","","","","0","","","0","0","","1","0","","0","","","","0","0","<?xml version=\"1.0\" encoding=\"utf-8\" standalone=\"yes\" ?>\n<T3FlexForms>\n    <data>\n        <sheet index=\"sDEF\">\n            <language index=\"lDEF\">\n                <field index=\"title\">\n                    <value index=\"vDEF\">PORTFOLIO</value>\n                </field>\n                <field index=\"portfolio\">\n                    <el index=\"el\">\n                        <field index=\"61bb49681bb88771005091\">\n                            <value index=\"container\">\n                                <el>\n                                    <field index=\"image\">\n                                        <value index=\"vDEF\">4</value>\n                                    </field>\n                                    <field index=\"description\">\n                                        <value index=\"vDEF\">Showcase your baking skills to the whole world through well-documented recipes, baking videos or presentations, and firmly established connections. If you are a master baker and have a knack for advertising your skills to the world, you will create out of yourself a fine freelance baker.</value>\n                                    </field>\n                                    <field index=\"headline\">\n                                        <value index=\"vDEF\">Architecture</value>\n                                    </field>\n                                </el>\n                            </value>\n                            <value index=\"_TOGGLE\">1</value>\n                        </field>\n                        <field index=\"61bb4a540ec52352802764\">\n                            <value index=\"container\">\n                                <el>\n                                    <field index=\"image\">\n                                        <value index=\"vDEF\">5</value>\n                                    </field>\n                                    <field index=\"description\">\n                                        <value index=\"vDEF\">Lorem Ipsum is simply dummy text of the printing and typesetting industry. Lorem Ipsum has been the industry\'s standard dummy text ever since the 1500s, when an unknown printer took a galley of type and scrambled it to make a type specimen book. It has survived not only five centuries, but also the leap into electronic typesetting, remaining essentially unchanged. It was popularised in the 1960s with the release of Letraset sheets containing Lorem Ipsum passages, and more recently with desktop publishing software like Aldus PageMaker including versions of Lorem Ipsum.</value>\n                                    </field>\n                                    <field index=\"headline\">\n                                        <value index=\"vDEF\">Master Chef</value>\n                                    </field>\n                                </el>\n                            </value>\n                            <value index=\"_TOGGLE\">1</value>\n                        </field>\n                        <field index=\"61bb4a59df85e090340053\">\n                            <value index=\"container\">\n                                <el>\n                                    <field index=\"image\">\n                                        <value index=\"vDEF\">6</value>\n                                    </field>\n                                    <field index=\"description\">\n                                        <value index=\"vDEF\">There are many variations of passages of Lorem Ipsum available, but the majority have suffered alteration in some form, by injected humour, or randomised words which don\'t look even slightly believable. If you are going to use a passage of Lorem Ipsum, you need to be sure there isn\'t anything embarrassing hidden in the middle of text. All the Lorem Ipsum generators on the Internet tend to repeat predefined chunks as necessary, making this the first true generator on the Internet. It uses a dictionary of over 200 Latin words, combined with a handful of model sentence structures, to generate Lorem Ipsum which looks reasonable. The generated Lorem Ipsum is therefore always free from repetition, injected humour, or non-characteristic words etc.</value>\n                                    </field>\n                                    <field index=\"headline\">\n                                        <value index=\"vDEF\">Entertainment</value>\n                                    </field>\n                                </el>\n                            </value>\n                            <value index=\"_TOGGLE\">1</value>\n                        </field>\n                        <field index=\"61bb4a632e9f3046467276\">\n                            <value index=\"container\">\n                                <el>\n                                    <field index=\"image\">\n                                        <value index=\"vDEF\">7</value>\n                                    </field>\n                                    <field index=\"description\">\n                                        <value index=\"vDEF\">Showcase your baking skills to the whole world through well-documented recipes, baking videos or presentations, and firmly established connections. If you are a master baker and have a knack for advertising your skills to the world, you will create out of yourself a fine freelance baker.</value>\n                                    </field>\n                                    <field index=\"headline\">\n                                        <value index=\"vDEF\">Game developer</value>\n                                    </field>\n                                </el>\n                            </value>\n                            <value index=\"_TOGGLE\">1</value>\n                        </field>\n                        <field index=\"61bb4a6a8384b190716538\">\n                            <value index=\"container\">\n                                <el>\n                                    <field index=\"image\">\n                                        <value index=\"vDEF\">8</value>\n                                    </field>\n                                    <field index=\"description\">\n                                        <value index=\"vDEF\">Lorem Ipsum is simply dummy text of the printing and typesetting industry. Lorem Ipsum has been the industry\'s standard dummy text ever since the 1500s, when an unknown printer took a galley of type and scrambled it to make a type specimen book. It has survived not only five centuries, but also the leap into electronic typesetting, remaining essentially unchanged. It was popularised in the 1960s with the release of Letraset sheets containing Lorem Ipsum passages, and more recently with desktop publishing software like Aldus PageMaker including versions of Lorem Ipsum.</value>\n                                    </field>\n                                    <field index=\"headline\">\n                                        <value index=\"vDEF\">Security Analyst</value>\n                                    </field>\n                                </el>\n                            </value>\n                            <value index=\"_TOGGLE\">1</value>\n                        </field>\n                        <field index=\"61bb4a715108f418529073\">\n                            <value index=\"container\">\n                                <el>\n                                    <field index=\"image\">\n                                        <value index=\"vDEF\">9</value>\n                                    </field>\n                                    <field index=\"description\">\n                                        <value index=\"vDEF\">There are many variations of passages of Lorem Ipsum available, but the majority have suffered alteration in some form, by injected humour, or randomised words which don\'t look even slightly believable. If you are going to use a passage of Lorem Ipsum, you need to be sure there isn\'t anything embarrassing hidden in the middle of text. All the Lorem Ipsum generators on the Internet tend to repeat predefined chunks as necessary, making this the first true generator on the Internet. It uses a dictionary of over 200 Latin words, combined with a handful of model sentence structures, to generate Lorem Ipsum which looks reasonable. The generated Lorem Ipsum is therefore always free from repetition, injected humour, or non-characteristic words etc.</value>\n                                    </field>\n                                    <field index=\"headline\">\n                                        <value index=\"vDEF\">SUBMARINE</value>\n                                    </field>\n                                </el>\n                            </value>\n                            <value index=\"_TOGGLE\">1</value>\n                        </field>\n                    </el>\n                </field>\n                <field index=\"image\">\n                    <value index=\"vDEF\">12</value>\n                </field>\n                <field index=\"description\">\n                    <value index=\"vDEF\">Showcase your baking skills to the whole world through well-documented recipes, baking videos or presentations, and firmly established connections. If you are a master baker and have a knack for advertising your skills to the world, you will create out of yourself a fine freelance baker.</value>\n                </field>\n            </language>\n        </sheet>\n    </data>\n</T3FlexForms>","","0","","","","","124","0","0","0","0","0","0","1"),
("2","","12","1688713277","1688713277","0","0","0","0","","256","0","0","0","0","","0","{\"pi_flexform\":\"\"}","0","0","0","0","ns_aboutus","","","","0","0","0","0","0","0","0","2","0","0","0","default","0","medium","","","","0","","","0","0","","1","0","","0","","","","0","0","<?xml version=\"1.0\" encoding=\"utf-8\" standalone=\"yes\" ?>\n<T3FlexForms>\n    <data>\n        <sheet index=\"sDEF\">\n            <language index=\"lDEF\">\n                <field index=\"title\">\n                    <value index=\"vDEF\">ABOUT</value>\n                </field>\n                <field index=\"lefttxt\">\n                    <value index=\"vDEF\">Freelancer is a free bootstrap theme created by Start Bootstrap. The download includes the complete source files including HTML, CSS, and JavaScript as well as optional SASS stylesheets for easy customization.</value>\n                </field>\n                <field index=\"righttxt\">\n                    <value index=\"vDEF\">You can create your own custom avatar for the masthead, change the icon in the dividers, and add your email address to the contact form to make it fully functional!</value>\n                </field>\n                <field index=\"btntxt\">\n                    <value index=\"vDEF\">Free Download!</value>\n                </field>\n                <field index=\"btnlink\">\n                    <value index=\"vDEF\">1</value>\n                </field>\n            </language>\n        </sheet>\n    </data>\n</T3FlexForms>","","0","","","","","124","0","0","0","0","0","0","2"),
("3","","11","1688713277","1688713277","0","0","0","0","","256","0","0","0","0","","0","{\"pi_flexform\":\"\"}","0","0","0","0","form_formframework","","","","0","0","0","0","0","0","0","2","0","0","0","default","0","medium","","","","0","","","0","0","","1","0","","0","","","","0","0","<?xml version=\"1.0\" encoding=\"utf-8\" standalone=\"yes\" ?>\n<T3FlexForms>\n    <data>\n        <sheet index=\"sDEF\">\n            <language index=\"lDEF\">\n                <field index=\"settings.persistenceIdentifier\">\n                    <value index=\"vDEF\">1:/ns_theme_freelancer/Forms/contactForm.form.yaml</value>\n                </field>\n                <field index=\"settings.overrideFinishers\">\n                    <value index=\"vDEF\">0</value>\n                </field>\n            </language>\n        </sheet>\n    </data>\n</T3FlexForms>","","0","","","","","124","0","0","0","0","0","0","3"),
("4","","9","1688713277","1688713277","0","0","0","0","","256","0","0","0","0","","0","a:23:{s:5:\"CType\";N;s:6:\"colPos\";N;s:6:\"header\";N;s:13:\"header_layout\";N;s:15:\"header_position\";N;s:4:\"date\";N;s:11:\"header_link\";N;s:9:\"subheader\";N;s:8:\"bodytext\";N;s:6:\"layout\";N;s:11:\"frame_class\";N;s:18:\"space_before_class\";N;s:17:\"space_after_class\";N;s:12:\"sectionIndex\";N;s:9:\"linkToTop\";N;s:16:\"sys_language_uid\";N;s:6:\"hidden\";N;s:9:\"starttime\";N;s:7:\"endtime\";N;s:8:\"fe_group\";N;s:8:\"editlock\";N;s:10:\"categories\";N;s:14:\"rowDescription\";N;}","0","0","0","0","text","","","<h4 class=\"text-uppercase mb-4\">Location</h4>\n<p>301, Victoria Heights,<br /> Victoria Park Rd,<br /> Bhavnagar  364002<br /> Gujarat - INDIA.</p>","0","0","0","0","0","0","0","2","0","0","0","default","0","","","","","1","","","0","0","","1","0","","0","","","","0","0","","","0","","","","","124","0","0","0","0","0","0","4"),
("5","","9","1688713277","1688713277","0","0","0","0","","128","0","0","0","0","","0","{\"pi_flexform\":\"\"}","0","0","0","0","ns_social","","","","0","0","0","0","0","0","0","2","0","0","0","default","0","","","","","2","","","0","0","","1","0","","0","","","","0","0","<?xml version=\"1.0\" encoding=\"utf-8\" standalone=\"yes\" ?>\n<T3FlexForms>\n    <data>\n        <sheet index=\"sDEF\">\n            <language index=\"lDEF\">\n                <field index=\"title\">\n                    <value index=\"vDEF\">AROUND THE WEB</value>\n                </field>\n                <field index=\"fblink\">\n                    <value index=\"vDEF\">https://www.facebook.com/T3Terminal/</value>\n                </field>\n                <field index=\"twlink\">\n                    <value index=\"vDEF\">https://twitter.com/t3terminal</value>\n                </field>\n                <field index=\"inlink\">\n                    <value index=\"vDEF\">https://www.linkedin.com/company/t3terminal/</value>\n                </field>\n                <field index=\"drilink\">\n                    <value index=\"vDEF\">https://www.dribble.com/company/t3terminal/</value>\n                </field>\n            </language>\n        </sheet>\n    </data>\n</T3FlexForms>","","0","","","","","124","0","0","0","0","0","0","5"),
("6","","9","1688722490","1688713277","0","0","0","0","","64","0","0","0","0","","0","{\"CType\":\"\",\"colPos\":\"\",\"header\":\"\",\"header_layout\":\"\",\"header_position\":\"\",\"date\":\"\",\"header_link\":\"\",\"subheader\":\"\",\"bodytext\":\"\",\"layout\":\"\",\"frame_class\":\"\",\"space_before_class\":\"\",\"space_after_class\":\"\",\"sectionIndex\":\"\",\"linkToTop\":\"\",\"sys_language_uid\":\"\",\"hidden\":\"\",\"starttime\":\"\",\"endtime\":\"\",\"fe_group\":\"\",\"editlock\":\"\",\"categories\":\"\",\"rowDescription\":\"\"}","0","0","0","0","text","","","<h4>About Freelancer</h4>\n<p class=\"lead\">Freelance is a free to use, T3 Freelancer theme created by <a href=\"https://t3planet.com/\">T3 Planet.</a></p>","0","0","0","0","0","0","0","2","0","0","0","default","0","","","","","3","","","0","0","","1","0","","0","","","","0","0","","","0","","","","","124","0","0","0","0","0","0","6"),
("7","","6","1688713277","1688713277","0","0","0","0","","1280","0","0","0","0","","0","{\"pi_flexform\":\"\"}","0","0","0","0","form_formframework","","","","0","0","0","0","0","0","0","2","0","0","0","default","0","","","","","0","","","0","0","","1","0","","0","","","","0","0","<?xml version=\"1.0\" encoding=\"utf-8\" standalone=\"yes\" ?>\n<T3FlexForms>\n    <data>\n        <sheet index=\"sDEF\">\n            <language index=\"lDEF\">\n                <field index=\"settings.persistenceIdentifier\">\n                    <value index=\"vDEF\">1:/ns_theme_freelancer/Forms/contactForm.form.yaml</value>\n                </field>\n                <field index=\"settings.overrideFinishers\">\n                    <value index=\"vDEF\">0</value>\n                </field>\n            </language>\n        </sheet>\n    </data>\n</T3FlexForms>","","0","","","","","124","0","0","0","0","0","0","7"),
("8","","6","1688713277","1688713277","0","0","0","0","","1152","0","0","0","0","","0","{\"image\":\"\"}","0","0","0","0","textpic","Headline 2 4x3","","<p>Lorem ipsum dolor sit amet, consetetur sadipscing elitr, sed diam nonumy eirmod tempor invidunt ut labore et dolore magna aliquyam erat, sed diam voluptua. At vero eos et accusam et justo duo dolores et ea rebum. Stet clita kasd gubergren, no sea takimata sanctus est Lorem ipsum dolor sit amet. Lorem ipsum dolor sit amet, consetetur sadipscing elitr, sed diam nonumy eirmod tempor invidunt ut labore et dolore magna aliquyam erat, sed diam voluptua. At vero eos et accusam et justo duo dolores et ea rebum. Stet clita kasd gubergren, no sea takimata sanctus est Lorem ipsum dolor sit amet. Lorem ipsum dolor sit amet, consetetur sadipscing elitr, sed diam nonumy eirmod tempor invidunt ut labore et dolore magna aliquyam erat, sed diam voluptua. At vero eos et accusam et justo duo dolores et ea rebum. Stet clita kasd gubergren, no sea takimata sanctus est Lorem ipsum dolor sit amet. &nbsp; &nbsp; Lorem ipsum dolor sit amet, consetetur sadipscing elitr, sed diam nonumy eirmod tempor invidunt ut labore et dolore magna aliquyam erat, sed diam voluptua. At vero eos et accusam et justo duo dolores et ea rebum. Stet clita kasd gubergren, no sea takimata sanctus est Lorem ipsum dolor sit amet.</p>","0","0","0","0","1","0","26","2","0","0","0","default","0","small","extra-large","","","0","","","0","0","","1","0","","0","","","","0","0","","","0","","","","","124","0","0","0","0","0","0","8"),
("9","","6","1688713277","1688713277","0","0","0","0","","1088","0","0","0","0","","0","{\"image\":\"\"}","0","0","0","0","textpic","Headline 1 4x3","","<p>Lorem ipsum dolor sit amet, consetetur sadipscing elitr, sed diam nonumy eirmod tempor invidunt ut labore et dolore magna aliquyam erat, sed diam voluptua. At vero eos et accusam et justo duo dolores et ea rebum. Stet clita kasd gubergren, no sea takimata sanctus est Lorem ipsum dolor sit amet. Lorem ipsum dolor sit amet, consetetur sadipscing elitr, sed diam nonumy eirmod tempor invidunt ut labore et dolore magna aliquyam erat, sed diam voluptua. At vero eos et accusam et justo duo dolores et ea rebum. Stet clita kasd gubergren, no sea takimata sanctus est Lorem ipsum dolor sit amet. Lorem ipsum dolor sit amet, consetetur sadipscing elitr, sed diam nonumy eirmod tempor invidunt ut labore et dolore magna aliquyam erat, sed diam voluptua. At vero eos et accusam et justo duo dolores et ea rebum. Stet clita kasd gubergren, no sea takimata sanctus est Lorem ipsum dolor sit amet. &nbsp; &nbsp; Lorem ipsum dolor sit amet, consetetur sadipscing elitr, sed diam nonumy eirmod tempor invidunt ut labore et dolore magna aliquyam erat, sed diam voluptua. At vero eos et accusam et justo duo dolores et ea rebum. Stet clita kasd gubergren, no sea takimata sanctus est Lorem ipsum dolor sit amet.</p>","0","0","0","0","3","0","2","3","0","0","0","default","0","small","","","","0","","","0","0","","1","0","","0","","","","0","0","","","0","","","","","124","0","0","0","0","0","0","9"),
("10","","6","1688713277","1688713277","0","0","0","0","","1056","0","0","0","0","","0","{\"image\":\"\"}","0","0","0","0","textpic","Headline 1 4x3","","<p>Lorem ipsum dolor sit amet, consetetur sadipscing elitr, sed diam nonumy eirmod tempor invidunt ut labore et dolore magna aliquyam erat, sed diam voluptua. At vero eos et accusam et justo duo dolores et ea rebum. Stet clita kasd gubergren, no sea takimata sanctus est Lorem ipsum dolor sit amet. Lorem ipsum dolor sit amet, consetetur sadipscing elitr, sed diam nonumy eirmod tempor invidunt ut labore et dolore magna aliquyam erat, sed diam voluptua. At vero eos et accusam et justo duo dolores et ea rebum. Stet clita kasd gubergren, no sea takimata sanctus est Lorem ipsum dolor sit amet. Lorem ipsum dolor sit amet, consetetur sadipscing elitr, sed diam nonumy eirmod tempor invidunt ut labore et dolore magna aliquyam erat, sed diam voluptua. At vero eos et accusam et justo duo dolores et ea rebum. Stet clita kasd gubergren, no sea takimata sanctus est Lorem ipsum dolor sit amet. &nbsp;Lorem ipsum dolor sit amet, consetetur sadipscing elitr, sed diam nonumy eirmod tempor invidunt ut labore et dolore magna aliquyam erat, sed diam voluptua. At vero eos et accusam et justo duo dolores et ea rebum. Stet clita kasd gubergren, no sea takimata sanctus est Lorem ipsum dolor sit amet.</p>","0","0","0","0","1","0","26","2","0","0","0","default","0","small","","","","0","","","0","0","","1","0","","0","","","","0","0","","","0","","","","","124","0","0","0","0","0","0","10"),
("11","","6","1688713277","1688713277","0","0","0","0","","1040","0","0","0","0","","0","{\"image\":\"\"}","0","0","0","0","textpic","Headline 2 4x3","","<p>Lorem ipsum dolor sit amet, consetetur sadipscing elitr, sed diam nonumy eirmod tempor invidunt ut labore et dolore magna aliquyam erat, sed diam voluptua. At vero eos et accusam et justo duo dolores et ea rebum. Stet clita kasd gubergren, no sea takimata sanctus est Lorem ipsum dolor sit amet. Lorem ipsum dolor sit amet, consetetur sadipscing elitr, sed diam nonumy eirmod tempor invidunt ut labore et dolore magna aliquyam erat, sed diam voluptua. At vero eos et accusam et justo duo dolores et ea rebum. Stet clita kasd gubergren, no sea takimata sanctus est Lorem ipsum dolor sit amet. Lorem ipsum dolor sit amet, consetetur sadipscing elitr, sed diam nonumy eirmod tempor invidunt ut labore et dolore magna aliquyam erat, sed diam voluptua. At vero eos et accusam et justo duo dolores et ea rebum. Stet clita kasd gubergren, no sea takimata sanctus est Lorem ipsum dolor sit amet. Lorem ipsum dolor sit amet, consetetur sadipscing elitr, sed diam nonumy eirmod tempor invidunt ut labore et dolore magna aliquyam erat, sed diam voluptua. At vero eos et accusam et justo duo dolores et ea rebum. Stet clita kasd gubergren, no sea takimata sanctus est Lorem ipsum dolor sit amet.</p>","0","0","0","0","3","0","0","1","0","0","0","default","0","small","","","","0","","","0","0","","1","0","","0","","","","0","0","","","0","","","","","124","0","0","0","0","0","0","11"),
("12","","6","1688713277","1688713277","0","0","0","0","","1032","0","0","0","0","","0","{\"image\":\"\"}","0","0","0","0","textpic","Headline 5 4x3","","<p>Lorem ipsum dolor sit amet, consetetur sadipscing elitr, sed diam nonumy eirmod tempor invidunt ut labore et dolore magna aliquyam erat, sed diam voluptua. At vero eos et accusam et justo duo dolores et ea rebum. Stet clita kasd gubergren, no sea takimata sanctus est Lorem ipsum dolor sit amet. Lorem ipsum dolor sit amet, consetetur sadipscing elitr, sed diam nonumy eirmod tempor invidunt ut labore et dolore magna aliquyam erat, sed diam voluptua. At vero eos et accusam et justo duo dolores et ea rebum. Stet clita kasd gubergren, no sea takimata sanctus est Lorem ipsum dolor sit amet. Lorem ipsum dolor sit amet, consetetur sadipscing elitr, sed diam nonumy eirmod tempor invidunt ut labore et dolore magna aliquyam erat, sed diam voluptua. At vero eos et accusam et justo duo dolores et ea rebum. Stet clita kasd gubergren, no sea takimata sanctus est Lorem ipsum dolor sit amet.&nbsp;Lorem ipsum dolor sit amet, consetetur sadipscing elitr, sed diam nonumy eirmod tempor invidunt ut labore et dolore magna aliquyam erat, sed diam voluptua. At vero eos et accusam et justo duo dolores et ea rebum. Stet clita kasd gubergren, no sea takimata sanctus est Lorem ipsum dolor sit amet.</p>","0","0","0","0","3","0","25","3","0","0","0","default","0","","","","","0","","","0","0","","1","0","","0","","","","0","0","","","0","","","","","124","0","0","0","0","0","0","12"),
("13","","6","1688713277","1688713277","0","0","0","0","","1028","0","0","0","0","","0","{\"image\":\"\"}","0","0","0","0","textpic","Headline 5 4x3","","<p>Lorem ipsum dolor sit amet, consetetur sadipscing elitr, sed diam nonumy eirmod tempor invidunt ut labore et dolore magna aliquyam erat, sed diam voluptua. At vero eos et accusam et justo duo dolores et ea rebum. Stet clita kasd gubergren, no sea takimata sanctus est Lorem ipsum dolor sit amet. Lorem ipsum dolor sit amet, consetetur sadipscing elitr, sed diam nonumy eirmod tempor invidunt ut labore et dolore magna aliquyam erat, sed diam voluptua. At vero eos et accusam et justo duo dolores et ea rebum. Stet clita kasd gubergren, no sea takimata sanctus est Lorem ipsum dolor sit amet. Lorem ipsum dolor sit amet, consetetur sadipscing elitr, sed diam nonumy eirmod tempor invidunt ut labore et dolore magna aliquyam erat, sed diam voluptua. At vero eos et accusam et justo duo dolores et ea rebum. Stet clita kasd gubergren, no sea takimata sanctus est Lorem ipsum dolor sit amet. &nbsp; &nbsp; Lorem ipsum dolor sit amet, consetetur sadipscing elitr, sed diam nonumy eirmod tempor invidunt ut labore et dolore magna aliquyam erat, sed diam voluptua. At vero eos et accusam et justo duo dolores et ea rebum. Stet clita kasd gubergren, no sea takimata sanctus est Lorem ipsum dolor sit amet.</p>","0","0","0","0","1","0","25","2","0","0","0","default","0","small","","","","0","","","0","0","","1","0","","0","","","","0","0","","","0","","","","","124","0","0","0","0","0","0","13"),
("14","","6","1688713277","1688713277","0","0","0","0","","1026","0","0","0","0","","0","{\"image\":\"\"}","0","0","0","0","textpic","Headline 4 4x3","","<p>Lorem ipsum dolor sit amet, consetetur sadipscing elitr, sed diam nonumy eirmod tempor invidunt ut labore et dolore magna aliquyam erat, sed diam voluptua. At vero eos et accusam et justo duo dolores et ea rebum. Stet clita kasd gubergren, no sea takimata sanctus est Lorem ipsum dolor sit amet. Lorem ipsum dolor sit amet, consetetur sadipscing elitr, sed diam nonumy eirmod tempor invidunt ut labore et dolore magna aliquyam erat, sed diam voluptua. At vero eos et accusam et justo duo dolores et ea rebum. Stet clita kasd gubergren, no sea takimata sanctus est Lorem ipsum dolor sit amet. Lorem ipsum dolor sit amet, consetetur sadipscing elitr, sed diam nonumy eirmod tempor invidunt ut labore et dolore magna aliquyam erat, sed diam voluptua. At vero eos et accusam et justo duo dolores et ea rebum. Stet clita kasd gubergren, no sea takimata sanctus est Lorem ipsum dolor sit amet. &nbsp; &nbsp; Lorem ipsum dolor sit amet, consetetur sadipscing elitr, sed diam nonumy eirmod tempor invidunt ut labore et dolore magna aliquyam erat, sed diam voluptua. At vero eos et accusam et justo duo dolores et ea rebum. Stet clita kasd gubergren, no sea takimata sanctus est Lorem ipsum dolor sit amet.</p>","0","0","0","0","3","0","18","3","0","0","0","default","0","small","","","","0","","","0","0","","1","0","","0","","","","0","0","","","0","","","","","124","0","0","0","0","0","0","14"),
("15","","6","1688713277","1688713277","0","0","0","0","","1025","0","0","0","0","","0","{\"image\":\"\"}","0","0","0","0","textpic","Headline 4 4x3","","<p>Lorem ipsum dolor sit amet, consetetur sadipscing elitr, sed diam nonumy eirmod tempor invidunt ut labore et dolore magna aliquyam erat, sed diam voluptua. At vero eos et accusam et justo duo dolores et ea rebum. Stet clita kasd gubergren, no sea takimata sanctus est Lorem ipsum dolor sit amet. Lorem ipsum dolor sit amet, consetetur sadipscing elitr, sed diam nonumy eirmod tempor invidunt ut labore et dolore magna aliquyam erat, sed diam voluptua. At vero eos et accusam et justo duo dolores et ea rebum. Stet clita kasd gubergren, no sea takimata sanctus est Lorem ipsum dolor sit amet. Lorem ipsum dolor sit amet, consetetur sadipscing elitr, sed diam nonumy eirmod tempor invidunt ut labore et dolore magna aliquyam erat, sed diam voluptua. At vero eos et accusam et justo duo dolores et ea rebum. Stet clita kasd gubergren, no sea takimata sanctus est Lorem ipsum dolor sit amet. Lorem ipsum dolor sit amet, consetetur sadipscing elitr, sed diam nonumy eirmod tempor invidunt ut labore et dolore magna aliquyam erat, sed diam voluptua. At vero eos et accusam et justo duo dolores et ea rebum. Stet clita kasd gubergren, no sea takimata sanctus est Lorem ipsum dolor sit amet.</p>","0","0","0","0","1","0","18","1","0","0","0","default","0","small","","","","0","","","0","0","","1","0","","0","","","","0","0","","","0","","","","","124","0","0","0","0","0","0","15"),
("16","","6","1688713277","1688713277","0","0","0","0","","1024","0","0","0","0","","0","{\"image\":\"\"}","0","0","0","0","textpic","Headline 3 4x3","","<p>Lorem ipsum dolor sit amet, consetetur sadipscing elitr, sed diam nonumy eirmod tempor invidunt ut labore et dolore magna aliquyam erat, sed diam voluptua. At vero eos et accusam et justo duo dolores et ea rebum. Stet clita kasd gubergren, no sea takimata sanctus est Lorem ipsum dolor sit amet. Lorem ipsum dolor sit amet, consetetur sadipscing elitr, sed diam nonumy eirmod tempor invidunt ut labore et dolore magna aliquyam erat, sed diam voluptua. At vero eos et accusam et justo duo dolores et ea rebum. Stet clita kasd gubergren, no sea takimata sanctus est Lorem ipsum dolor sit amet. Lorem ipsum dolor sit amet, consetetur sadipscing elitr, sed diam nonumy eirmod tempor invidunt ut labore et dolore magna aliquyam erat, sed diam voluptua. At vero eos et accusam et justo duo dolores et ea rebum. Stet clita kasd gubergren, no sea takimata sanctus est Lorem ipsum dolor sit amet. &nbsp; &nbsp; Lorem ipsum dolor sit amet, consetetur sadipscing elitr, sed diam nonumy eirmod tempor invidunt ut labore et dolore magna aliquyam erat, sed diam voluptua. At vero eos et accusam et justo duo dolores et ea rebum. Stet clita kasd gubergren, no sea takimata sanctus est Lorem ipsum dolor sit amet.</p>","0","0","0","0","3","0","17","3","0","0","0","default","0","small","","","","0","","","0","0","","1","0","","0","","","","0","0","","","0","","","","","124","0","0","0","0","0","0","16"),
("17","","6","1688713277","1688713277","0","0","0","0","","768","0","0","0","0","","0","{\"image\":\"\"}","0","0","0","0","textpic","Headline 3 4x3","","<p>Lorem ipsum dolor sit amet, consetetur sadipscing elitr, sed diam nonumy eirmod tempor invidunt ut labore et dolore magna aliquyam erat, sed diam voluptua. At vero eos et accusam et justo duo dolores et ea rebum. Stet clita kasd gubergren, no sea takimata sanctus est Lorem ipsum dolor sit amet. Lorem ipsum dolor sit amet, consetetur sadipscing elitr, sed diam nonumy eirmod tempor invidunt ut labore et dolore magna aliquyam erat, sed diam voluptua. At vero eos et accusam et justo duo dolores et ea rebum. Stet clita kasd gubergren, no sea takimata sanctus est Lorem ipsum dolor sit amet. Lorem ipsum dolor sit amet, consetetur sadipscing elitr, sed diam nonumy eirmod tempor invidunt ut labore et dolore magna aliquyam erat, sed diam voluptua. At vero eos et accusam et justo duo dolores et ea rebum. Stet clita kasd gubergren, no sea takimata sanctus est Lorem ipsum dolor sit amet. &nbsp; &nbsp; Lorem ipsum dolor sit amet, consetetur sadipscing elitr, sed diam nonumy eirmod tempor invidunt ut labore et dolore magna aliquyam erat, sed diam voluptua. At vero eos et accusam et justo duo dolores et ea rebum. Stet clita kasd gubergren, no sea takimata sanctus est Lorem ipsum dolor sit amet.</p>","0","0","0","0","1","0","25","2","0","0","0","default","0","small","","","","0","","","0","0","","1","0","","0","","","","0","0","","","0","","","","","124","0","0","0","0","0","0","17"),
("18","","6","1688713277","1688713277","0","0","0","0","","640","0","0","0","0","","0","{\"image\":\"\"}","0","0","0","0","textpic","Headline 5 4x3","","<p>Lorem ipsum dolor sit amet, consetetur sadipscing elitr, sed diam nonumy eirmod tempor invidunt ut labore et dolore magna aliquyam erat, sed diam voluptua. At vero eos et accusam et justo duo dolores et ea rebum. Stet clita kasd gubergren, no sea takimata sanctus est Lorem ipsum dolor sit amet. Lorem ipsum dolor sit amet, consetetur sadipscing elitr, sed diam nonumy eirmod tempor invidunt ut labore et dolore magna aliquyam erat, sed diam voluptua. At vero eos et accusam et justo duo dolores et ea rebum. Stet clita kasd gubergren, no sea takimata sanctus est Lorem ipsum dolor sit amet. Lorem ipsum dolor sit amet, consetetur sadipscing elitr, sed diam nonumy eirmod tempor invidunt ut labore et dolore magna aliquyam erat, sed diam voluptua. At vero eos et accusam et justo duo dolores et ea rebum. Stet clita kasd gubergren, no sea takimata sanctus est Lorem ipsum dolor sit amet.&nbsp;</p>\n<p>Lorem ipsum dolor sit amet, consetetur sadipscing elitr, sed diam nonumy eirmod tempor invidunt ut labore et dolore magna aliquyam erat, sed diam voluptua. At vero eos et accusam et justo duo dolores et ea rebum. Stet clita kasd gubergren, no sea takimata sanctus est Lorem ipsum dolor sit amet.</p>","0","0","0","0","3","0","2","3","0","0","0","default","0","small","","","","0","","","0","0","","1","0","","0","","","","0","0","","","0","","","","","124","0","0","0","0","0","0","18"),
("19","","6","1688713277","1688713277","0","0","0","0","","576","0","0","0","0","","0","{\"image\":\"\"}","0","0","0","0","textpic","Headline 4 4x3","","<p>Lorem ipsum dolor sit amet, consetetur sadipscing elitr, sed diam nonumy eirmod tempor invidunt ut labore et dolore magna aliquyam erat, sed diam voluptua. At vero eos et accusam et justo duo dolores et ea rebum. Stet clita kasd gubergren, no sea takimata sanctus est Lorem ipsum dolor sit amet. Lorem ipsum dolor sit amet, consetetur sadipscing elitr, sed diam nonumy eirmod tempor invidunt ut labore et dolore magna aliquyam erat, sed diam voluptua. At vero eos et accusam et justo duo dolores et ea rebum. Stet clita kasd gubergren, no sea takimata sanctus est Lorem ipsum dolor sit amet. Lorem ipsum dolor sit amet, consetetur sadipscing elitr, sed diam nonumy eirmod tempor invidunt ut labore et dolore magna aliquyam erat, sed diam voluptua. At vero eos et accusam et justo duo dolores et ea rebum. Stet clita kasd gubergren, no sea takimata sanctus est Lorem ipsum dolor sit amet.</p>\n<p>Lorem ipsum dolor sit amet, consetetur sadipscing elitr, sed diam nonumy eirmod tempor invidunt ut labore et dolore magna aliquyam erat, sed diam voluptua. At vero eos et accusam et justo duo dolores et ea rebum. Stet clita kasd gubergren, no sea takimata sanctus est Lorem ipsum dolor sit amet.</p>","0","0","0","0","1","0","2","2","0","0","0","default","0","small","","","","0","","","0","0","","1","0","","0","","","","0","0","","","0","","","","","124","0","0","0","0","0","0","19"),
("20","","6","1688713277","1688713277","0","0","0","0","","544","0","0","0","0","","0","{\"image\":\"\"}","0","0","0","0","textpic","","","<h2>Headline 1 4x3</h2>\n<p>Lorem ipsum dolor sit amet, consetetur sadipscing elitr, sed diam nonumy eirmod tempor invidunt ut labore et dolore magna aliquyam erat, sed diam voluptua. At vero eos et accusam et justo duo dolores et ea rebum. Stet clita kasd gubergren, no sea takimata sanctus est Lorem ipsum dolor sit amet. Lorem ipsum dolor sit amet, consetetur sadipscing elitr, sed diam nonumy eirmod tempor invidunt ut labore et dolore magna aliquyam erat, sed diam voluptua. At vero eos et accusam et justo duo dolores et ea rebum. Stet clita kasd gubergren, no sea takimata sanctus est Lorem ipsum dolor sit amet. Lorem ipsum dolor sit amet, consetetur sadipscing elitr, sed diam nonumy eirmod tempor invidunt ut labore et dolore magna aliquyam erat, sed diam voluptua. At vero eos et accusam et justo duo dolores et ea rebum. Stet clita kasd gubergren, no sea takimata sanctus est Lorem ipsum dolor sit amet.</p>\n<p>Lorem ipsum dolor sit amet, consetetur sadipscing elitr, sed diam nonumy eirmod tempor invidunt ut labore et dolore magna aliquyam erat, sed diam voluptua. At vero eos et accusam et justo duo dolores et ea rebum. Stet clita kasd gubergren, no sea takimata sanctus est Lorem ipsum dolor sit amet.</p>","0","0","0","0","3","0","1","1","0","0","0","default","0","small","","","","0","","","0","0","","1","0","","0","","","","0","0","","","0","","","","","124","0","0","0","0","0","0","20"),
("21","","6","1688713277","1688713277","0","0","0","0","","528","0","0","0","0","","0","{\"image\":\"\"}","0","0","0","0","textpic","Headline 5 4x3","","<p>Lorem ipsum dolor sit amet, consetetur sadipscing elitr, sed diam nonumy eirmod tempor invidunt ut labore et dolore magna aliquyam erat, sed diam voluptua. At vero eos et accusam et justo duo dolores et ea rebum. Stet clita kasd gubergren, no sea takimata sanctus est Lorem ipsum dolor sit amet. Lorem ipsum dolor sit amet, consetetur sadipscing elitr, sed diam nonumy eirmod tempor invidunt ut labore et dolore magna aliquyam erat, sed diam voluptua. At vero eos et accusam et justo duo dolores et ea rebum. Stet clita kasd gubergren, no sea takimata sanctus est Lorem ipsum dolor sit amet. Lorem ipsum dolor sit amet, consetetur sadipscing elitr, sed diam nonumy eirmod tempor invidunt ut labore et dolore magna aliquyam erat, sed diam voluptua. At vero eos et accusam et justo duo dolores et ea rebum. Stet clita kasd gubergren, no sea takimata sanctus est Lorem ipsum dolor sit amet.</p>\n<p>Lorem ipsum dolor sit amet, consetetur sadipscing elitr, sed diam nonumy eirmod tempor invidunt ut labore et dolore magna aliquyam erat, sed diam voluptua. At vero eos et accusam et justo duo dolores et ea rebum. Stet clita kasd gubergren, no sea takimata sanctus est Lorem ipsum dolor sit amet.</p>","0","0","0","0","1","0","1","2","0","0","0","default","0","small","","","","0","","","0","0","","1","0","","0","","","","0","0","","","0","","","","","124","0","0","0","0","0","0","21"),
("22","","6","1688713277","1688713277","0","0","0","0","","520","0","0","0","0","","0","a:31:{s:5:\"CType\";N;s:6:\"colPos\";N;s:6:\"header\";N;s:13:\"header_layout\";N;s:15:\"header_position\";N;s:4:\"date\";N;s:11:\"header_link\";N;s:9:\"subheader\";N;s:8:\"bodytext\";N;s:5:\"image\";N;s:10:\"imagewidth\";N;s:11:\"imageheight\";N;s:11:\"imageborder\";N;s:11:\"imageorient\";N;s:9:\"imagecols\";N;s:10:\"image_zoom\";N;s:6:\"layout\";N;s:11:\"frame_class\";N;s:18:\"space_before_class\";N;s:17:\"space_after_class\";N;s:12:\"sectionIndex\";N;s:9:\"linkToTop\";N;s:16:\"sys_language_uid\";N;s:6:\"hidden\";N;s:9:\"starttime\";N;s:7:\"endtime\";N;s:8:\"fe_group\";N;s:8:\"editlock\";N;s:10:\"categories\";N;s:14:\"rowDescription\";N;s:25:\"tx_gridelements_container\";N;}","0","0","0","0","textpic","Headline 1 4x3","","<p>Lorem ipsum dolor sit amet, consetetur sadipscing elitr, sed diam nonumy eirmod tempor invidunt ut labore et dolore magna aliquyam erat, sed diam voluptua. At vero eos et accusam et justo duo dolores et ea rebum. Stet clita kasd gubergren, no sea takimata sanctus est Lorem ipsum dolor sit amet. Lorem ipsum dolor sit amet, consetetur sadipscing elitr, sed diam nonumy eirmod tempor invidunt ut labore et dolore magna aliquyam erat, sed diam voluptua. At vero eos et accusam et justo duo dolores et ea rebum. Stet clita kasd gubergren, no sea takimata sanctus est Lorem ipsum dolor sit amet. Lorem ipsum dolor sit amet, consetetur sadipscing elitr, sed diam nonumy eirmod tempor invidunt ut labore et dolore magna aliquyam erat, sed diam voluptua. At vero eos et accusam et justo duo dolores et ea rebum. Stet clita kasd gubergren, no sea takimata sanctus est Lorem ipsum dolor sit amet.</p>\n<p>Lorem ipsum dolor sit amet, consetetur sadipscing elitr, sed diam nonumy eirmod tempor invidunt ut labore et dolore magna aliquyam erat, sed diam voluptua. At vero eos et accusam et justo duo dolores et ea rebum. Stet clita kasd gubergren, no sea takimata sanctus est Lorem ipsum dolor sit amet.</p>","0","0","0","0","0","0","0","2","0","0","0","default","0","small","small","","","0","","","0","0","","1","0","","0","","","","0","0","","","0","","","","","124","0","0","0","0","0","0","22"),
("23","","6","1688713277","1688713277","0","0","0","0","","516","0","0","0","0","","0","{\"image\":\"\"}","0","0","0","0","textpic","Headline","","","0","0","0","0","1","0","0","2","0","0","0","default","0","small","small","","","0","","","0","0","","1","0","","0","","","","0","0","","","0","","","","","124","0","0","0","0","0","0","23"),
("24","","6","1688713277","1688713277","0","0","0","0","","514","0","0","0","0","","0","","0","0","0","0","text","","","<p><strong>the text is bold</strong></p>\n<p><em>the text is italic</em></p>\n<p><u>the text is underline</u></p>","0","0","0","0","0","0","0","2","0","0","0","default","0","","","","","0","","","0","0","","1","0","","0","","","","0","0","","","0","","","","","124","0","0","0","0","0","0","24"),
("25","","6","1688713277","1688713277","0","0","0","0","","513","0","0","0","0","","0","a:24:{s:5:\"CType\";N;s:6:\"colPos\";N;s:6:\"header\";N;s:13:\"header_layout\";N;s:15:\"header_position\";N;s:4:\"date\";N;s:11:\"header_link\";N;s:9:\"subheader\";N;s:8:\"bodytext\";N;s:6:\"layout\";N;s:11:\"frame_class\";N;s:18:\"space_before_class\";N;s:17:\"space_after_class\";N;s:12:\"sectionIndex\";N;s:9:\"linkToTop\";N;s:16:\"sys_language_uid\";N;s:6:\"hidden\";N;s:9:\"starttime\";N;s:7:\"endtime\";N;s:8:\"fe_group\";N;s:8:\"editlock\";N;s:10:\"categories\";N;s:14:\"rowDescription\";N;s:25:\"tx_gridelements_container\";N;}","0","0","0","0","text","","","<p>Lorem ipsum dolor sit amet, consetetur sadipscing elitr, sed diam nonumy eirmod tempor invidunt ut labore et dolore magna aliquyam erat, sed diam voluptua. At vero eos et accusam et justo duo dolores et ea rebum. Stet clita kasd gubergren, no sea takimata sanctus est Lorem ipsum dolor sit amet. Lorem ipsum dolor sit amet, consetetur sadipscing elitr, sed diam nonumy eirmod tempor invidunt ut labore et dolore magna aliquyam erat, sed diam voluptua. At vero eos et accusam et justo duo dolores et ea rebum. Stet clita kasd gubergren, no sea takimata sanctus est Lorem ipsum dolor sit amet.</p>","0","0","0","0","0","0","0","2","0","0","0","default","0","small","","","","0","","","0","0","","1","0","","0","","","","0","0","","","0","","","","","124","0","0","0","0","0","0","25"),
("26","","6","1688713277","1688713277","0","0","0","0","","512","0","0","0","0","","0","a:24:{s:5:\"CType\";N;s:6:\"colPos\";N;s:6:\"header\";N;s:13:\"header_layout\";N;s:15:\"header_position\";N;s:4:\"date\";N;s:11:\"header_link\";N;s:9:\"subheader\";N;s:8:\"bodytext\";N;s:6:\"layout\";N;s:11:\"frame_class\";N;s:18:\"space_before_class\";N;s:17:\"space_after_class\";N;s:12:\"sectionIndex\";N;s:9:\"linkToTop\";N;s:16:\"sys_language_uid\";N;s:6:\"hidden\";N;s:9:\"starttime\";N;s:7:\"endtime\";N;s:8:\"fe_group\";N;s:8:\"editlock\";N;s:10:\"categories\";N;s:14:\"rowDescription\";N;s:25:\"tx_gridelements_container\";N;}","0","0","0","0","text","","","<ol> 	<li>Nummer</li> 	<li>Nummer 	<ol> 		<li>Nummer</li> 		<li>Nummer 		<ol> 			<li>Nummer</li> 			<li>Nummer Lorem ipsum dolor sit amet, consetetur sadipscing elitr, sed diam nonumy eirmod tempor invidunt ut labore et dolore magna aliquyam erat, sed diam voluptua. At vero eos et accusam et justo duo dolores et ea rebum. Stet clita kasd gubergren, no sea takimata sanctus est Lorem ipsum dolor sit amet. Lorem ipsum d</li> 			<li>Nummer</li> 			<li>Nummer 			<ol> 				<li>Nummer Lorem ipsum dolor sit amet, consetetur sadipscing elitr, sed diam nonumy eirmod tempor invidunt ut labore et dolore magna aliquyam erat, sed diam voluptua. At vero eos et accusam et justo duo dolores et ea rebum. Stet clita kasd gubergren, no sea takimata sanctus est Lorem ipsum dolor sit amet. Lorem ipsum d</li> 				<li>Nummer</li> 			</ol> 			</li> 			<li>Nummer</li> 		</ol> 		</li> 		<li>Nummer</li> 	</ol> 	</li> 	<li>Nummer</li> 	<li>Nummer</li> 	<li>Nummer</li> </ol>","0","0","0","0","0","0","0","2","0","0","0","default","0","small","","","","0","","","0","0","","1","0","","0","","","","0","0","","","0","","","","","124","0","0","0","0","0","0","26"),
("27","","6","1688713277","1688713277","0","0","0","0","","256","0","0","0","0","","0","a:24:{s:5:\"CType\";N;s:6:\"colPos\";N;s:6:\"header\";N;s:13:\"header_layout\";N;s:15:\"header_position\";N;s:4:\"date\";N;s:11:\"header_link\";N;s:9:\"subheader\";N;s:8:\"bodytext\";N;s:6:\"layout\";N;s:11:\"frame_class\";N;s:18:\"space_before_class\";N;s:17:\"space_after_class\";N;s:12:\"sectionIndex\";N;s:9:\"linkToTop\";N;s:16:\"sys_language_uid\";N;s:6:\"hidden\";N;s:9:\"starttime\";N;s:7:\"endtime\";N;s:8:\"fe_group\";N;s:8:\"editlock\";N;s:10:\"categories\";N;s:14:\"rowDescription\";N;s:25:\"tx_gridelements_container\";N;}","0","0","0","0","text","","","<ul> 	<li>Point 1</li> 	<li>Points 2 	<ul> 		<li>Lorem ipsum dolor sit amet, consetetur sadipscing elitr, sed diam nonumy eirmod tempor invidunt ut labore et dolore magna aliquyam erat, sed diam voluptua. At vero eos et accusam et justo duo dolores et ea rebum. Stet clita kasd gubergren, no sea takimata sanctus est Lorem ipsum dolor sit amet. Lorem ipsum d 		<ul> 			<li>Lorem ipsum dolor sit amet, consetetur sadipscing elitr, sed diam nonumy eirmod tempor invidunt ut labore et dolore magna aliquyam erat, sed diam voluptua. At vero eos et accusam et justo duo dolores et ea rebum. Stet clita kasd gubergren, no sea takimata sanctus est Lorem ipsum dolor sit amet. Lorem ipsum d 			<ul> 				<li>Lorem ipsum dolor sit amet, consetetur sadipscing elitr, sed diam nonumy eirmod tempor invidunt ut labore et dolore magna aliquyam erat, sed diam voluptua. At vero eos et accusam et justo duo dolores et ea rebum. Stet clita kasd gubergren, no sea takimata sanctus est Lorem ipsum dolor sit amet. Lorem ipsum d</li> 				<li>Lorem ipsum dolor sit amet, consetetur sadipscing elitr, sed diam nonumy eirmod tempor invidunt ut labore et dolore magna aliquyam erat, sed diam voluptua. At vero eos et accusam et justo duo dolores et ea rebum. Stet clita kasd gubergren, no sea takimata sanctus est Lorem ipsum dolor sit amet. Lorem ipsum d</li> 				<li>Lorem ipsum dolor sit amet, consetetur sadipscing elitr, sed diam nonumy eirmod tempor invidunt ut labore et dolore magna aliquyam erat, sed diam voluptua. At vero eos et accusam et justo duo dolores et ea rebum. Stet clita kasd gubergren, no sea takimata sanctus est Lorem ipsum dolor sit amet. Lorem ipsum d</li> 				<li>Lorem ipsum dolor sit amet, consetetur sadipscing elitr, sed diam nonumy eirmod tempor invidunt ut labore et dolore magna aliquyam erat, sed diam voluptua. At vero eos et accusam et justo duo dolores et ea rebum. Stet clita kasd gubergren, no sea takimata sanctus est Lorem ipsum dolor sit amet. Lorem ipsum d 				<ul> 					<li>Lorem ipsum dolor sit amet, consetetur sadipscing elitr, sed diam nonumy eirmod tempor invidunt ut labore et dolore magna aliquyam erat, sed diam voluptua. At vero eos et accusam et justo duo dolores et ea rebum. Stet clita kasd gubergren, no sea takimata sanctus est Lorem ipsum dolor sit amet. Lorem ipsum d</li> 					<li>Lorem ipsum dolor sit amet, consetetur sadipscing elitr, sed diam nonumy eirmod tempor invidunt ut labore et dolore magna aliquyam erat, sed diam voluptua. At vero eos et accusam et justo duo dolores et ea rebum. Stet clita kasd gubergren, no sea takimata sanctus est Lorem ipsum dolor sit amet. Lorem ipsum d</li> 				</ul> 				</li> 				<li>Lorem ipsum dolor sit amet, consetetur sadipscing elitr, sed diam nonumy eirmod tempor invidunt ut labore et dolore magna aliquyam erat, sed diam voluptua. At vero eos et accusam et justo duo dolores et ea rebum. Stet clita kasd gubergren, no sea takimata sanctus est Lorem ipsum dolor sit amet. Lorem ipsum d</li> 			</ul> 			</li> 			<li>Lorem ipsum dolor sit amet, consetetur sadipscing elitr, sed diam nonumy eirmod tempor invidunt ut labore et dolore magna aliquyam erat, sed diam voluptua. At vero eos et accusam et justo duo dolores et ea rebum. Stet clita kasd gubergren, no sea takimata sanctus est Lorem ipsum dolor sit amet. Lorem ipsum d</li> 			<li>Lorem ipsum dolor sit amet, consetetur sadipscing elitr, sed diam nonumy eirmod tempor invidunt ut labore et dolore magna aliquyam erat, sed diam voluptua. At vero eos et accusam et justo duo dolores et ea rebum. Stet clita kasd gubergren, no sea takimata sanctus est Lorem ipsum dolor sit amet. Lorem ipsum d</li> 			<li>Lorem ipsum dolor sit amet, consetetur sadipscing elitr, sed diam nonumy eirmod tempor invidunt ut labore et dolore magna aliquyam erat, sed diam voluptua. At vero eos et accusam et justo duo dolores et ea rebum. Stet clita kasd gubergren, no sea takimata sanctus est Lorem ipsum dolor sit amet. Lorem ipsum d</li> 			<li>Lorem ipsum dolor sit amet, consetetur sadipscing elitr, sed diam nonumy eirmod tempor invidunt ut labore et dolore magna aliquyam erat, sed diam voluptua. At vero eos et accusam et justo duo dolores et ea rebum. Stet clita kasd gubergren, no sea takimata sanctus est Lorem ipsum dolor sit amet. Lorem ipsum d</li> 		</ul> 		</li> 	</ul> 	</li> </ul>","0","0","0","0","0","0","0","2","0","0","0","default","0","small","","","","0","","","0","0","","1","0","","0","","","","0","0","","","0","","","","","124","0","0","0","0","0","0","27"),
("28","","6","1688713277","1688713277","0","0","0","0","","128","0","0","0","0","","0","a:24:{s:5:\"CType\";N;s:6:\"colPos\";N;s:6:\"header\";N;s:13:\"header_layout\";N;s:15:\"header_position\";N;s:4:\"date\";N;s:11:\"header_link\";N;s:9:\"subheader\";N;s:8:\"bodytext\";N;s:6:\"layout\";N;s:11:\"frame_class\";N;s:18:\"space_before_class\";N;s:17:\"space_after_class\";N;s:12:\"sectionIndex\";N;s:9:\"linkToTop\";N;s:16:\"sys_language_uid\";N;s:6:\"hidden\";N;s:9:\"starttime\";N;s:7:\"endtime\";N;s:8:\"fe_group\";N;s:8:\"editlock\";N;s:10:\"categories\";N;s:14:\"rowDescription\";N;s:25:\"tx_gridelements_container\";N;}","0","0","0","0","text","","","<h1>Headline 1</h1>\n<h2>Headline 2</h2>\n<h3>Headline 3</h3>\n<h4>Headline 4</h4>\n<h5>Headline 5</h5>\n<h6>Headline 6</h6>","0","0","0","0","0","0","0","2","0","0","1","default","0","small","","","","0","","","0","0","","1","0","","0","","","","0","0","","","0","","","","","124","0","0","0","0","0","0","28"),
("29","","6","1688713277","1688713277","0","0","0","0","","64","0","0","0","0","","0","a:22:{s:5:\"CType\";N;s:6:\"colPos\";N;s:6:\"header\";N;s:13:\"header_layout\";N;s:15:\"header_position\";N;s:4:\"date\";N;s:11:\"header_link\";N;s:9:\"subheader\";N;s:6:\"layout\";N;s:11:\"frame_class\";N;s:18:\"space_before_class\";N;s:17:\"space_after_class\";N;s:12:\"sectionIndex\";N;s:9:\"linkToTop\";N;s:16:\"sys_language_uid\";N;s:6:\"hidden\";N;s:9:\"starttime\";N;s:7:\"endtime\";N;s:8:\"fe_group\";N;s:8:\"editlock\";N;s:10:\"categories\";N;s:14:\"rowDescription\";N;}","0","0","0","0","header","CMS Page","","","0","0","0","0","0","0","0","2","0","0","1","default","0","extra-large","","","","0","","","0","0","","1","0","","0","","","","0","0","","","0","","","","","124","0","0","0","0","0","0","29"),
("30","","5","1688713277","1688713277","0","0","0","0","","256","0","0","0","0","","0","{\"pi_flexform\":\"\"}","0","0","0","0","ns_banner","","","","0","0","0","0","0","0","0","2","0","0","0","default","0","large","","","","0","","","0","0","","1","0","","0","","","","0","0","<?xml version=\"1.0\" encoding=\"utf-8\" standalone=\"yes\" ?>\n<T3FlexForms>\n    <data>\n        <sheet index=\"sDEF\">\n            <language index=\"lDEF\">\n                <field index=\"image\">\n                    <value index=\"vDEF\">0</value>\n                </field>\n                <field index=\"headline\">\n                    <value index=\"vDEF\">Thank you</value>\n                </field>\n                <field index=\"text\">\n                    <value index=\"vDEF\">Thank you for your inquiry!  We will get back to you soon.</value>\n                </field>\n            </language>\n        </sheet>\n    </data>\n</T3FlexForms>","","0","","","","","124","0","0","0","0","0","0","30"),
("31","","4","1688713277","1688713277","0","0","0","0","","256","0","0","0","0","","0","{\"pi_flexform\":\"\"}","0","0","0","0","ns_banner","","","","0","0","0","0","0","0","0","2","0","0","0","default","0","large","","","","0","","","0","0","","1","0","","0","","","","0","0","<?xml version=\"1.0\" encoding=\"utf-8\" standalone=\"yes\" ?>\n<T3FlexForms>\n    <data>\n        <sheet index=\"sDEF\">\n            <language index=\"lDEF\">\n                <field index=\"image\">\n                    <value index=\"vDEF\">0</value>\n                </field>\n                <field index=\"headline\">\n                    <value index=\"vDEF\">404</value>\n                </field>\n                <field index=\"text\">\n                    <value index=\"vDEF\">Sorry, the page you were looking for could not be found</value>\n                </field>\n            </language>\n        </sheet>\n    </data>\n</T3FlexForms>","","0","","","","","124","0","0","0","0","0","0","31"),
("32","","1","1688713277","1688713277","0","0","0","0","","256","0","0","0","0","","0","{\"pi_flexform\":\"\"}","0","0","0","0","ns_banner","","","","0","0","0","0","1","0","0","2","0","0","0","default","0","","","","","0","","","0","0","","1","0","","0","","","","0","0","<?xml version=\"1.0\" encoding=\"utf-8\" standalone=\"yes\" ?>\n<T3FlexForms>\n    <data>\n        <sheet index=\"sDEF\">\n            <language index=\"lDEF\">\n                <field index=\"image\">\n                    <value index=\"vDEF\">1</value>\n                </field>\n                <field index=\"headline\">\n                    <value index=\"vDEF\">Start Your Own Business</value>\n                </field>\n                <field index=\"text\">\n                    <value index=\"vDEF\">Build your own career and future with T3 Freelancer profile!</value>\n                </field>\n            </language>\n        </sheet>\n    </data>\n</T3FlexForms>","","0","","","","","124","0","0","0","0","0","0","32");

-- End of File